match_id,series_id,date,position_in_series,team_a,team_b,venue,toss_winner,winner,margin_runs,margin_wickets
M0001,S001,2026-02-02,1,Falcons,Sharks,Ground 2,Falcons,Sharks,,
M0002,S001,2026-03-03,2,Sharks,Tigers,Ground 3,Sharks,Tigers,,
M0003,S001,2026-04-04,3,Rhinos,Wolves,Ground 4,Rhinos,Rhinos,,
M0004,S001,2026-05-05,4,Tigers,Wolves,Ground 5,Tigers,Wolves,,
M0005,S001,2026-06-06,5,Tigers,Eagles,Ground 1,Tigers,Tigers,,
M0006,S001,2026-07-07,6,Eagles,Falcons,Ground 2,Eagles,Falcons,,
M0007,S001,2026-08-08,7,Falcons,Eagles,Ground 3,Falcons,Falcons,,
M0008,S001,2026-09-09,8,Falcons,Sharks,Ground 4,Falcons,Sharks,,
M0009,S001,2026-10-10,9,Falcons,Eagles,Ground 5,Falcons,Falcons,,
M0010,S001,2026-11-11,10,Eagles,Falcons,Ground 1,Eagles,Falcons,,
M0011,S002,2026-12-12,1,Sharks,Tigers,Ground 2,Sharks,Tigers,,
M0012,S002,2026-01-13,2,Rhinos,Sharks,Ground 3,Rhinos,Rhinos,,
M0013,S002,2026-02-14,3,Eagles,Rhinos,Ground 4,Eagles,Eagles,,
M0014,S002,2026-03-15,4,Tigers,Eagles,Ground 5,Tigers,Tigers,,
M0015,S002,2026-04-16,5,Wolves,Sharks,Ground 1,Wolves,Sharks,,
M0016,S002,2026-05-17,6,Rhinos,Sharks,Ground 2,Rhinos,Rhinos,,
M0017,S002,2026-06-18,7,Rhinos,Falcons,Ground 3,Rhinos,Rhinos,,
M0018,S002,2026-07-19,8,Sharks,Wolves,Ground 4,Sharks,Sharks,,
M0019,S002,2026-08-20,9,Sharks,Tigers,Ground 5,Sharks,Sharks,,
M0020,S002,2026-09-21,10,Wolves,Falcons,Ground 1,Wolves,Wolves,,
M0021,S003,2026-10-22,1,Sharks,Tigers,Ground 2,Sharks,Tigers,,
M0022,S003,2026-11-23,2,Tigers,Eagles,Ground 3,Tigers,Eagles,,
M0023,S003,2026-12-24,3,Wolves,Eagles,Ground 4,Wolves,Wolves,,
M0024,S003,2026-01-25,4,Rhinos,Falcons,Ground 5,Rhinos,Rhinos,,
M0025,S003,2026-02-26,5,Wolves,Falcons,Ground 1,Wolves,Falcons,,
M0026,S003,2026-03-27,6,Eagles,Wolves,Ground 2,Eagles,Eagles,,
M0027,S003,2026-04-28,7,Wolves,Falcons,Ground 3,Wolves,Falcons,,
M0028,S003,2026-05-01,8,Wolves,Rhinos,Ground 4,Wolves,Wolves,,
M0029,S003,2026-06-02,9,Wolves,Eagles,Ground 5,Wolves,Eagles,,
M0030,S003,2026-07-03,10,Falcons,Wolves,Ground 1,Falcons,Wolves,,
M0031,S004,2026-08-04,1,Tigers,Eagles,Ground 2,Tigers,Eagles,,
M0032,S004,2026-09-05,2,Falcons,Eagles,Ground 3,Falcons,Falcons,,
M0033,S004,2026-10-06,3,Tigers,Wolves,Ground 4,Tigers,Tigers,,
M0034,S004,2026-11-07,4,Falcons,Tigers,Ground 5,Falcons,Tigers,,
M0035,S004,2026-12-08,5,Tigers,Wolves,Ground 1,Tigers,Tigers,,
M0036,S004,2026-01-09,6,Sharks,Wolves,Ground 2,Sharks,Wolves,,
M0037,S004,2026-02-10,7,Falcons,Rhinos,Ground 3,Falcons,Rhinos,,
M0038,S004,2026-03-11,8,Rhinos,Tigers,Ground 4,Rhinos,Tigers,,
M0039,S004,2026-04-12,9,Wolves,Tigers,Ground 5,Wolves,Tigers,,
M0040,S004,2026-05-13,10,Rhinos,Sharks,Ground 1,Rhinos,Rhinos,,
M0041,S005,2026-06-14,1,Sharks,Wolves,Ground 2,Sharks,Wolves,,
M0042,S005,2026-07-15,2,Sharks,Tigers,Ground 3,Sharks,Sharks,,
M0043,S005,2026-08-16,3,Tigers,Falcons,Ground 4,Tigers,Tigers,,
M0044,S005,2026-09-17,4,Falcons,Sharks,Ground 5,Falcons,Sharks,,
M0045,S005,2026-10-18,5,Sharks,Wolves,Ground 1,Sharks,Wolves,,
M0046,S005,2026-11-19,6,Eagles,Rhinos,Ground 2,Eagles,Rhinos,,
M0047,S005,2026-12-20,7,Rhinos,Falcons,Ground 3,Rhinos,Falcons,,
M0048,S005,2026-01-21,8,Tigers,Wolves,Ground 4,Tigers,Tigers,,
M0049,S005,2026-02-22,9,Wolves,Falcons,Ground 5,Wolves,Wolves,,
M0050,S005,2026-03-23,10,Eagles,Tigers,Ground 1,Eagles,Eagles,,
M0051,S006,2026-04-24,1,Eagles,Tigers,Ground 2,Eagles,Tigers,,
M0052,S006,2026-05-25,2,Sharks,Wolves,Ground 3,Sharks,Sharks,,
M0053,S006,2026-06-26,3,Sharks,Tigers,Ground 4,Sharks,Tigers,,
M0054,S006,2026-07-27,4,Falcons,Sharks,Ground 5,Falcons,Falcons,,
M0055,S006,2026-08-28,5,Eagles,Sharks,Ground 1,Eagles,Eagles,,
M0056,S006,2026-09-01,6,Wolves,Eagles,Ground 2,Wolves,Eagles,,
M0057,S006,2026-10-02,7,Wolves,Falcons,Ground 3,Wolves,Falcons,,
M0058,S006,2026-11-03,8,Tigers,Eagles,Ground 4,Tigers,Tigers,,
M0059,S006,2026-12-04,9,Wolves,Rhinos,Ground 5,Wolves,Wolves,,
M0060,S006,2026-01-05,10,Sharks,Rhinos,Ground 1,Sharks,Sharks,,
M0061,S007,2026-02-06,1,Wolves,Tigers,Ground 2,Wolves,Tigers,,
M0062,S007,2026-03-07,2,Sharks,Eagles,Ground 3,Sharks,Eagles,,
M0063,S007,2026-04-08,3,Wolves,Rhinos,Ground 4,Wolves,Rhinos,,
M0064,S007,2026-05-09,4,Rhinos,Sharks,Ground 5,Rhinos,Rhinos,,
M0065,S007,2026-06-10,5,Falcons,Sharks,Ground 1,Falcons,Falcons,,
M0066,S007,2026-07-11,6,Eagles,Sharks,Ground 2,Eagles,Sharks,,
M0067,S007,2026-08-12,7,Falcons,Rhinos,Ground 3,Falcons,Rhinos,,
M0068,S007,2026-09-13,8,Rhinos,Wolves,Ground 4,Rhinos,Rhinos,,
M0069,S007,2026-10-14,9,Tigers,Eagles,Ground 5,Tigers,Tigers,,
M0070,S007,2026-11-15,10,Falcons,Sharks,Ground 1,Falcons,Falcons,,
M0071,S008,2026-12-16,1,Eagles,Rhinos,Ground 2,Eagles,Eagles,,
M0072,S008,2026-01-17,2,Tigers,Falcons,Ground 3,Tigers,Tigers,,
M0073,S008,2026-02-18,3,Wolves,Rhinos,Ground 4,Wolves,Wolves,,
M0074,S008,2026-03-19,4,Falcons,Wolves,Ground 5,Falcons,Falcons,,
M0075,S008,2026-04-20,5,Rhinos,Tigers,Ground 1,Rhinos,Rhinos,,
M0076,S008,2026-05-21,6,Sharks,Falcons,Ground 2,Sharks,Falcons,,
M0077,S008,2026-06-22,7,Sharks,Eagles,Ground 3,Sharks,Sharks,,
M0078,S008,2026-07-23,8,Eagles,Rhinos,Ground 4,Eagles,Rhinos,,
M0079,S008,2026-08-24,9,Eagles,Sharks,Ground 5,Eagles,Sharks,,
M0080,S008,2026-09-25,10,Wolves,Sharks,Ground 1,Wolves,Wolves,,
M0081,S009,2026-10-26,1,Wolves,Eagles,Ground 2,Wolves,Eagles,,
M0082,S009,2026-11-27,2,Rhinos,Sharks,Ground 3,Rhinos,Rhinos,,
M0083,S009,2026-12-28,3,Wolves,Eagles,Ground 4,Wolves,Eagles,,
M0084,S009,2026-01-01,4,Sharks,Eagles,Ground 5,Sharks,Sharks,,
M0085,S009,2026-02-02,5,Tigers,Falcons,Ground 1,Tigers,Falcons,,
M0086,S009,2026-03-03,6,Wolves,Sharks,Ground 2,Wolves,Sharks,,
M0087,S009,2026-04-04,7,Wolves,Rhinos,Ground 3,Wolves,Rhinos,,
M0088,S009,2026-05-05,8,Tigers,Falcons,Ground 4,Tigers,Falcons,,
M0089,S009,2026-06-06,9,Falcons,Eagles,Ground 5,Falcons,Eagles,,
M0090,S009,2026-07-07,10,Falcons,Rhinos,Ground 1,Falcons,Falcons,,
M0091,S010,2026-08-08,1,Rhinos,Wolves,Ground 2,Rhinos,Wolves,,
M0092,S010,2026-09-09,2,Rhinos,Eagles,Ground 3,Rhinos,Eagles,,
M0093,S010,2026-10-10,3,Falcons,Tigers,Ground 4,Falcons,Tigers,,
M0094,S010,2026-11-11,4,Eagles,Wolves,Ground 5,Eagles,Eagles,,
M0095,S010,2026-12-12,5,Rhinos,Falcons,Ground 1,Rhinos,Rhinos,,
M0096,S010,2026-01-13,6,Sharks,Wolves,Ground 2,Sharks,Sharks,,
M0097,S010,2026-02-14,7,Wolves,Rhinos,Ground 3,Wolves,Rhinos,,
M0098,S010,2026-03-15,8,Falcons,Eagles,Ground 4,Falcons,Eagles,,
M0099,S010,2026-04-16,9,Rhinos,Falcons,Ground 5,Rhinos,Rhinos,,
M0100,S010,2026-05-17,10,Tigers,Falcons,Ground 1,Tigers,Falcons,,
M0101,S011,2026-06-18,1,Sharks,Wolves,Ground 2,Sharks,Sharks,,
M0102,S011,2026-07-19,2,Eagles,Rhinos,Ground 3,Eagles,Eagles,,
M0103,S011,2026-08-20,3,Wolves,Eagles,Ground 4,Wolves,Wolves,,
M0104,S011,2026-09-21,4,Tigers,Rhinos,Ground 5,Tigers,Tigers,,
M0105,S011,2026-10-22,5,Eagles,Wolves,Ground 1,Eagles,Eagles,,
M0106,S011,2026-11-23,6,Falcons,Wolves,Ground 2,Falcons,Wolves,,
M0107,S011,2026-12-24,7,Rhinos,Tigers,Ground 3,Rhinos,Rhinos,,
M0108,S011,2026-01-25,8,Falcons,Wolves,Ground 4,Falcons,Wolves,,
M0109,S011,2026-02-26,9,Sharks,Rhinos,Ground 5,Sharks,Rhinos,,
M0110,S011,2026-03-27,10,Tigers,Rhinos,Ground 1,Tigers,Rhinos,,
M0111,S012,2026-04-28,1,Eagles,Rhinos,Ground 2,Eagles,Rhinos,,
M0112,S012,2026-05-01,2,Falcons,Eagles,Ground 3,Falcons,Falcons,,
M0113,S012,2026-06-02,3,Eagles,Rhinos,Ground 4,Eagles,Eagles,,
M0114,S012,2026-07-03,4,Falcons,Sharks,Ground 5,Falcons,Falcons,,
M0115,S012,2026-08-04,5,Rhinos,Wolves,Ground 1,Rhinos,Wolves,,
M0116,S012,2026-09-05,6,Falcons,Sharks,Ground 2,Falcons,Falcons,,
M0117,S012,2026-10-06,7,Eagles,Falcons,Ground 3,Eagles,Falcons,,
M0118,S012,2026-11-07,8,Rhinos,Falcons,Ground 4,Rhinos,Falcons,,
M0119,S012,2026-12-08,9,Falcons,Eagles,Ground 5,Falcons,Falcons,,
M0120,S012,2026-01-09,10,Falcons,Wolves,Ground 1,Falcons,Wolves,,
M0121,S013,2026-02-10,1,Wolves,Falcons,Ground 2,Wolves,Falcons,,
M0122,S013,2026-03-11,2,Rhinos,Falcons,Ground 3,Rhinos,Falcons,,
M0123,S013,2026-04-12,3,Sharks,Wolves,Ground 4,Sharks,Sharks,,
M0124,S013,2026-05-13,4,Wolves,Eagles,Ground 5,Wolves,Eagles,,
M0125,S013,2026-06-14,5,Eagles,Rhinos,Ground 1,Eagles,Rhinos,,
M0126,S013,2026-07-15,6,Wolves,Falcons,Ground 2,Wolves,Wolves,,
M0127,S013,2026-08-16,7,Wolves,Falcons,Ground 3,Wolves,Wolves,,
M0128,S013,2026-09-17,8,Eagles,Wolves,Ground 4,Eagles,Eagles,,
M0129,S013,2026-10-18,9,Tigers,Rhinos,Ground 5,Tigers,Tigers,,
M0130,S013,2026-11-19,10,Tigers,Rhinos,Ground 1,Tigers,Rhinos,,
M0131,S014,2026-12-20,1,Rhinos,Wolves,Ground 2,Rhinos,Rhinos,,
M0132,S014,2026-01-21,2,Sharks,Eagles,Ground 3,Sharks,Eagles,,
M0133,S014,2026-02-22,3,Sharks,Eagles,Ground 4,Sharks,Eagles,,
M0134,S014,2026-03-23,4,Eagles,Rhinos,Ground 5,Eagles,Eagles,,
M0135,S014,2026-04-24,5,Wolves,Rhinos,Ground 1,Wolves,Wolves,,
M0136,S014,2026-05-25,6,Eagles,Wolves,Ground 2,Eagles,Wolves,,
M0137,S014,2026-06-26,7,Rhinos,Tigers,Ground 3,Rhinos,Tigers,,
M0138,S014,2026-07-27,8,Wolves,Tigers,Ground 4,Wolves,Wolves,,
M0139,S014,2026-08-28,9,Tigers,Wolves,Ground 5,Tigers,Wolves,,
M0140,S014,2026-09-01,10,Tigers,Falcons,Ground 1,Tigers,Falcons,,
M0141,S015,2026-10-02,1,Tigers,Falcons,Ground 2,Tigers,Tigers,,
M0142,S015,2026-11-03,2,Sharks,Rhinos,Ground 3,Sharks,Rhinos,,
M0143,S015,2026-12-04,3,Rhinos,Falcons,Ground 4,Rhinos,Falcons,,
M0144,S015,2026-01-05,4,Eagles,Tigers,Ground 5,Eagles,Tigers,,
M0145,S015,2026-02-06,5,Wolves,Rhinos,Ground 1,Wolves,Rhinos,,
M0146,S015,2026-03-07,6,Tigers,Falcons,Ground 2,Tigers,Tigers,,
M0147,S015,2026-04-08,7,Eagles,Tigers,Ground 3,Eagles,Tigers,,
M0148,S015,2026-05-09,8,Wolves,Falcons,Ground 4,Wolves,Falcons,,
M0149,S015,2026-06-10,9,Eagles,Sharks,Ground 5,Eagles,Eagles,,
M0150,S015,2026-07-11,10,Tigers,Rhinos,Ground 1,Tigers,Tigers,,
M0151,S016,2026-08-12,1,Eagles,Falcons,Ground 2,Eagles,Eagles,,
M0152,S016,2026-09-13,2,Eagles,Tigers,Ground 3,Eagles,Eagles,,
M0153,S016,2026-10-14,3,Tigers,Sharks,Ground 4,Tigers,Tigers,,
M0154,S016,2026-11-15,4,Rhinos,Eagles,Ground 5,Rhinos,Rhinos,,
M0155,S016,2026-12-16,5,Rhinos,Tigers,Ground 1,Rhinos,Rhinos,,
M0156,S016,2026-01-17,6,Wolves,Rhinos,Ground 2,Wolves,Wolves,,
M0157,S016,2026-02-18,7,Eagles,Falcons,Ground 3,Eagles,Eagles,,
M0158,S016,2026-03-19,8,Falcons,Rhinos,Ground 4,Falcons,Rhinos,,
M0159,S016,2026-04-20,9,Eagles,Sharks,Ground 5,Eagles,Sharks,,
M0160,S016,2026-05-21,10,Tigers,Falcons,Ground 1,Tigers,Tigers,,
M0161,S017,2026-06-22,1,Wolves,Rhinos,Ground 2,Wolves,Rhinos,,
M0162,S017,2026-07-23,2,Wolves,Tigers,Ground 3,Wolves,Tigers,,
M0163,S017,2026-08-24,3,Wolves,Rhinos,Ground 4,Wolves,Rhinos,,
M0164,S017,2026-09-25,4,Wolves,Sharks,Ground 5,Wolves,Wolves,,
M0165,S017,2026-10-26,5,Tigers,Eagles,Ground 1,Tigers,Tigers,,
M0166,S017,2026-11-27,6,Eagles,Sharks,Ground 2,Eagles,Eagles,,
M0167,S017,2026-12-28,7,Wolves,Eagles,Ground 3,Wolves,Wolves,,
M0168,S017,2026-01-01,8,Eagles,Wolves,Ground 4,Eagles,Wolves,,
M0169,S017,2026-02-02,9,Eagles,Wolves,Ground 5,Eagles,Eagles,,
M0170,S017,2026-03-03,10,Tigers,Eagles,Ground 1,Tigers,Tigers,,
M0171,S018,2026-04-04,1,Wolves,Sharks,Ground 2,Wolves,Sharks,,
M0172,S018,2026-05-05,2,Falcons,Tigers,Ground 3,Falcons,Tigers,,
M0173,S018,2026-06-06,3,Eagles,Sharks,Ground 4,Eagles,Eagles,,
M0174,S018,2026-07-07,4,Tigers,Sharks,Ground 5,Tigers,Sharks,,
M0175,S018,2026-08-08,5,Rhinos,Eagles,Ground 1,Rhinos,Eagles,,
M0176,S018,2026-09-09,6,Sharks,Tigers,Ground 2,Sharks,Tigers,,
M0177,S018,2026-10-10,7,Rhinos,Sharks,Ground 3,Rhinos,Rhinos,,
M0178,S018,2026-11-11,8,Falcons,Wolves,Ground 4,Falcons,Falcons,,
M0179,S018,2026-12-12,9,Falcons,Eagles,Ground 5,Falcons,Falcons,,
M0180,S018,2026-01-13,10,Tigers,Eagles,Ground 1,Tigers,Eagles,,
M0181,S019,2026-02-14,1,Wolves,Falcons,Ground 2,Wolves,Wolves,,
M0182,S019,2026-03-15,2,Falcons,Wolves,Ground 3,Falcons,Wolves,,
M0183,S019,2026-04-16,3,Sharks,Tigers,Ground 4,Sharks,Sharks,,
M0184,S019,2026-05-17,4,Eagles,Wolves,Ground 5,Eagles,Wolves,,
M0185,S019,2026-06-18,5,Wolves,Sharks,Ground 1,Wolves,Wolves,,
M0186,S019,2026-07-19,6,Wolves,Falcons,Ground 2,Wolves,Wolves,,
M0187,S019,2026-08-20,7,Eagles,Falcons,Ground 3,Eagles,Eagles,,
M0188,S019,2026-09-21,8,Falcons,Tigers,Ground 4,Falcons,Falcons,,
M0189,S019,2026-10-22,9,Wolves,Sharks,Ground 5,Wolves,Sharks,,
M0190,S019,2026-11-23,10,Tigers,Falcons,Ground 1,Tigers,Falcons,,
M0191,S020,2026-12-24,1,Rhinos,Wolves,Ground 2,Rhinos,Rhinos,,
M0192,S020,2026-01-25,2,Eagles,Rhinos,Ground 3,Eagles,Rhinos,,
M0193,S020,2026-02-26,3,Wolves,Tigers,Ground 4,Wolves,Wolves,,
M0194,S020,2026-03-27,4,Sharks,Rhinos,Ground 5,Sharks,Rhinos,,
M0195,S020,2026-04-28,5,Rhinos,Wolves,Ground 1,Rhinos,Rhinos,,
M0196,S020,2026-05-01,6,Rhinos,Sharks,Ground 2,Rhinos,Sharks,,
M0197,S020,2026-06-02,7,Sharks,Eagles,Ground 3,Sharks,Eagles,,
M0198,S020,2026-07-03,8,Rhinos,Tigers,Ground 4,Rhinos,Rhinos,,
M0199,S020,2026-08-04,9,Falcons,Rhinos,Ground 5,Falcons,Falcons,,
M0200,S020,2026-09-05,10,Wolves,Falcons,Ground 1,Wolves,Falcons,,
M0201,S021,2026-10-06,1,Tigers,Wolves,Ground 2,Tigers,Tigers,,
M0202,S021,2026-11-07,2,Eagles,Wolves,Ground 3,Eagles,Eagles,,
M0203,S021,2026-12-08,3,Eagles,Tigers,Ground 4,Eagles,Tigers,,
M0204,S021,2026-01-09,4,Wolves,Tigers,Ground 5,Wolves,Wolves,,
M0205,S021,2026-02-10,5,Rhinos,Sharks,Ground 1,Rhinos,Sharks,,
M0206,S021,2026-03-11,6,Tigers,Wolves,Ground 2,Tigers,Tigers,,
M0207,S021,2026-04-12,7,Falcons,Sharks,Ground 3,Falcons,Sharks,,
M0208,S021,2026-05-13,8,Wolves,Rhinos,Ground 4,Wolves,Rhinos,,
M0209,S021,2026-06-14,9,Rhinos,Eagles,Ground 5,Rhinos,Eagles,,
M0210,S021,2026-07-15,10,Tigers,Sharks,Ground 1,Tigers,Sharks,,
M0211,S022,2026-08-16,1,Rhinos,Sharks,Ground 2,Rhinos,Rhinos,,
M0212,S022,2026-09-17,2,Eagles,Wolves,Ground 3,Eagles,Eagles,,
M0213,S022,2026-10-18,3,Falcons,Rhinos,Ground 4,Falcons,Falcons,,
M0214,S022,2026-11-19,4,Falcons,Wolves,Ground 5,Falcons,Falcons,,
M0215,S022,2026-12-20,5,Sharks,Rhinos,Ground 1,Sharks,Sharks,,
M0216,S022,2026-01-21,6,Rhinos,Sharks,Ground 2,Rhinos,Sharks,,
M0217,S022,2026-02-22,7,Falcons,Eagles,Ground 3,Falcons,Falcons,,
M0218,S022,2026-03-23,8,Falcons,Wolves,Ground 4,Falcons,Wolves,,
M0219,S022,2026-04-24,9,Rhinos,Eagles,Ground 5,Rhinos,Eagles,,
M0220,S022,2026-05-25,10,Falcons,Eagles,Ground 1,Falcons,Eagles,,
M0221,S023,2026-06-26,1,Sharks,Tigers,Ground 2,Sharks,Sharks,,
M0222,S023,2026-07-27,2,Tigers,Rhinos,Ground 3,Tigers,Rhinos,,
M0223,S023,2026-08-28,3,Falcons,Wolves,Ground 4,Falcons,Wolves,,
M0224,S023,2026-09-01,4,Rhinos,Wolves,Ground 5,Rhinos,Rhinos,,
M0225,S023,2026-10-02,5,Rhinos,Falcons,Ground 1,Rhinos,Falcons,,
M0226,S023,2026-11-03,6,Eagles,Wolves,Ground 2,Eagles,Wolves,,
M0227,S023,2026-12-04,7,Sharks,Tigers,Ground 3,Sharks,Sharks,,
M0228,S023,2026-01-05,8,Eagles,Sharks,Ground 4,Eagles,Eagles,,
M0229,S023,2026-02-06,9,Wolves,Rhinos,Ground 5,Wolves,Rhinos,,
M0230,S023,2026-03-07,10,Sharks,Tigers,Ground 1,Sharks,Sharks,,
M0231,S024,2026-04-08,1,Eagles,Wolves,Ground 2,Eagles,Wolves,,
M0232,S024,2026-05-09,2,Rhinos,Falcons,Ground 3,Rhinos,Falcons,,
M0233,S024,2026-06-10,3,Sharks,Falcons,Ground 4,Sharks,Sharks,,
M0234,S024,2026-07-11,4,Tigers,Falcons,Ground 5,Tigers,Tigers,,
M0235,S024,2026-08-12,5,Falcons,Tigers,Ground 1,Falcons,Tigers,,
M0236,S024,2026-09-13,6,Tigers,Falcons,Ground 2,Tigers,Tigers,,
M0237,S024,2026-10-14,7,Eagles,Falcons,Ground 3,Eagles,Falcons,,
M0238,S024,2026-11-15,8,Eagles,Sharks,Ground 4,Eagles,Sharks,,
M0239,S024,2026-12-16,9,Eagles,Falcons,Ground 5,Eagles,Eagles,,
M0240,S024,2026-01-17,10,Tigers,Rhinos,Ground 1,Tigers,Rhinos,,
M0241,S025,2026-02-18,1,Eagles,Rhinos,Ground 2,Eagles,Eagles,,
M0242,S025,2026-03-19,2,Rhinos,Falcons,Ground 3,Rhinos,Rhinos,,
M0243,S025,2026-04-20,3,Eagles,Rhinos,Ground 4,Eagles,Eagles,,
M0244,S025,2026-05-21,4,Rhinos,Falcons,Ground 5,Rhinos,Rhinos,,
M0245,S025,2026-06-22,5,Tigers,Sharks,Ground 1,Tigers,Sharks,,
M0246,S025,2026-07-23,6,Eagles,Wolves,Ground 2,Eagles,Wolves,,
M0247,S025,2026-08-24,7,Falcons,Eagles,Ground 3,Falcons,Eagles,,
M0248,S025,2026-09-25,8,Sharks,Wolves,Ground 4,Sharks,Wolves,,
M0249,S025,2026-10-26,9,Eagles,Falcons,Ground 5,Eagles,Falcons,,
M0250,S025,2026-11-27,10,Sharks,Falcons,Ground 1,Sharks,Sharks,,
M0251,S026,2026-12-28,1,Falcons,Eagles,Ground 2,Falcons,Falcons,,
M0252,S026,2026-01-01,2,Falcons,Rhinos,Ground 3,Falcons,Falcons,,
M0253,S026,2026-02-02,3,Falcons,Wolves,Ground 4,Falcons,Wolves,,
M0254,S026,2026-03-03,4,Eagles,Wolves,Ground 5,Eagles,Eagles,,
M0255,S026,2026-04-04,5,Eagles,Wolves,Ground 1,Eagles,Eagles,,
M0256,S026,2026-05-05,6,Eagles,Falcons,Ground 2,Eagles,Eagles,,
M0257,S026,2026-06-06,7,Falcons,Rhinos,Ground 3,Falcons,Falcons,,
M0258,S026,2026-07-07,8,Rhinos,Falcons,Ground 4,Rhinos,Rhinos,,
M0259,S026,2026-08-08,9,Wolves,Falcons,Ground 5,Wolves,Wolves,,
M0260,S026,2026-09-09,10,Rhinos,Eagles,Ground 1,Rhinos,Rhinos,,
M0261,S027,2026-10-10,1,Sharks,Rhinos,Ground 2,Sharks,Rhinos,,
M0262,S027,2026-11-11,2,Falcons,Wolves,Ground 3,Falcons,Falcons,,
M0263,S027,2026-12-12,3,Eagles,Rhinos,Ground 4,Eagles,Eagles,,
M0264,S027,2026-01-13,4,Tigers,Wolves,Ground 5,Tigers,Wolves,,
M0265,S027,2026-02-14,5,Sharks,Rhinos,Ground 1,Sharks,Rhinos,,
M0266,S027,2026-03-15,6,Sharks,Rhinos,Ground 2,Sharks,Rhinos,,
M0267,S027,2026-04-16,7,Tigers,Falcons,Ground 3,Tigers,Tigers,,
M0268,S027,2026-05-17,8,Rhinos,Wolves,Ground 4,Rhinos,Rhinos,,
M0269,S027,2026-06-18,9,Sharks,Rhinos,Ground 5,Sharks,Rhinos,,
M0270,S027,2026-07-19,10,Wolves,Tigers,Ground 1,Wolves,Wolves,,
M0271,S028,2026-08-20,1,Tigers,Falcons,Ground 2,Tigers,Tigers,,
M0272,S028,2026-09-21,2,Eagles,Tigers,Ground 3,Eagles,Eagles,,
M0273,S028,2026-10-22,3,Falcons,Rhinos,Ground 4,Falcons,Falcons,,
M0274,S028,2026-11-23,4,Falcons,Sharks,Ground 5,Falcons,Sharks,,
M0275,S028,2026-12-24,5,Rhinos,Wolves,Ground 1,Rhinos,Rhinos,,
M0276,S028,2026-01-25,6,Tigers,Rhinos,Ground 2,Tigers,Rhinos,,
M0277,S028,2026-02-26,7,Sharks,Eagles,Ground 3,Sharks,Eagles,,
M0278,S028,2026-03-27,8,Wolves,Eagles,Ground 4,Wolves,Eagles,,
M0279,S028,2026-04-28,9,Wolves,Sharks,Ground 5,Wolves,Wolves,,
M0280,S028,2026-05-01,10,Tigers,Falcons,Ground 1,Tigers,Tigers,,
M0281,S029,2026-06-02,1,Tigers,Wolves,Ground 2,Tigers,Tigers,,
M0282,S029,2026-07-03,2,Wolves,Rhinos,Ground 3,Wolves,Wolves,,
M0283,S029,2026-08-04,3,Tigers,Sharks,Ground 4,Tigers,Sharks,,
M0284,S029,2026-09-05,4,Tigers,Falcons,Ground 5,Tigers,Tigers,,
M0285,S029,2026-10-06,5,Tigers,Eagles,Ground 1,Tigers,Eagles,,
M0286,S029,2026-11-07,6,Sharks,Rhinos,Ground 2,Sharks,Rhinos,,
M0287,S029,2026-12-08,7,Sharks,Tigers,Ground 3,Sharks,Tigers,,
M0288,S029,2026-01-09,8,Tigers,Sharks,Ground 4,Tigers,Tigers,,
M0289,S029,2026-02-10,9,Tigers,Eagles,Ground 5,Tigers,Tigers,,
M0290,S029,2026-03-11,10,Rhinos,Falcons,Ground 1,Rhinos,Rhinos,,
M0291,S030,2026-04-12,1,Wolves,Sharks,Ground 2,Wolves,Wolves,,
M0292,S030,2026-05-13,2,Falcons,Eagles,Ground 3,Falcons,Falcons,,
M0293,S030,2026-06-14,3,Falcons,Wolves,Ground 4,Falcons,Falcons,,
M0294,S030,2026-07-15,4,Sharks,Tigers,Ground 5,Sharks,Sharks,,
M0295,S030,2026-08-16,5,Eagles,Falcons,Ground 1,Eagles,Falcons,,
M0296,S030,2026-09-17,6,Wolves,Rhinos,Ground 2,Wolves,Rhinos,,
M0297,S030,2026-10-18,7,Falcons,Eagles,Ground 3,Falcons,Eagles,,
M0298,S030,2026-11-19,8,Falcons,Tigers,Ground 4,Falcons,Tigers,,
M0299,S030,2026-12-20,9,Rhinos,Falcons,Ground 5,Rhinos,Rhinos,,
M0300,S030,2026-01-21,10,Tigers,Rhinos,Ground 1,Tigers,Rhinos,,
M0301,S031,2026-02-22,1,Tigers,Eagles,Ground 2,Tigers,Eagles,,
M0302,S031,2026-03-23,2,Falcons,Eagles,Ground 3,Falcons,Falcons,,
M0303,S031,2026-04-24,3,Sharks,Rhinos,Ground 4,Sharks,Sharks,,
M0304,S031,2026-05-25,4,Tigers,Falcons,Ground 5,Tigers,Falcons,,
M0305,S031,2026-06-26,5,Tigers,Falcons,Ground 1,Tigers,Tigers,,
M0306,S031,2026-07-27,6,Falcons,Rhinos,Ground 2,Falcons,Falcons,,
M0307,S031,2026-08-28,7,Falcons,Tigers,Ground 3,Falcons,Tigers,,
M0308,S031,2026-09-01,8,Eagles,Falcons,Ground 4,Eagles,Falcons,,
M0309,S031,2026-10-02,9,Eagles,Falcons,Ground 5,Eagles,Falcons,,
M0310,S031,2026-11-03,10,Sharks,Rhinos,Ground 1,Sharks,Sharks,,
M0311,S032,2026-12-04,1,Tigers,Eagles,Ground 2,Tigers,Eagles,,
M0312,S032,2026-01-05,2,Tigers,Falcons,Ground 3,Tigers,Tigers,,
M0313,S032,2026-02-06,3,Wolves,Tigers,Ground 4,Wolves,Tigers,,
M0314,S032,2026-03-07,4,Sharks,Eagles,Ground 5,Sharks,Eagles,,
M0315,S032,2026-04-08,5,Wolves,Rhinos,Ground 1,Wolves,Wolves,,
M0316,S032,2026-05-09,6,Tigers,Sharks,Ground 2,Tigers,Sharks,,
M0317,S032,2026-06-10,7,Wolves,Rhinos,Ground 3,Wolves,Rhinos,,
M0318,S032,2026-07-11,8,Tigers,Eagles,Ground 4,Tigers,Tigers,,
M0319,S032,2026-08-12,9,Wolves,Eagles,Ground 5,Wolves,Eagles,,
M0320,S032,2026-09-13,10,Wolves,Eagles,Ground 1,Wolves,Eagles,,
M0321,S033,2026-10-14,1,Rhinos,Falcons,Ground 2,Rhinos,Falcons,,
M0322,S033,2026-11-15,2,Wolves,Falcons,Ground 3,Wolves,Wolves,,
M0323,S033,2026-12-16,3,Sharks,Wolves,Ground 4,Sharks,Wolves,,
M0324,S033,2026-01-17,4,Tigers,Eagles,Ground 5,Tigers,Eagles,,
M0325,S033,2026-02-18,5,Eagles,Sharks,Ground 1,Eagles,Eagles,,
M0326,S033,2026-03-19,6,Tigers,Rhinos,Ground 2,Tigers,Tigers,,
M0327,S033,2026-04-20,7,Falcons,Sharks,Ground 3,Falcons,Sharks,,
M0328,S033,2026-05-21,8,Eagles,Wolves,Ground 4,Eagles,Eagles,,
M0329,S033,2026-06-22,9,Eagles,Falcons,Ground 5,Eagles,Falcons,,
M0330,S033,2026-07-23,10,Tigers,Wolves,Ground 1,Tigers,Tigers,,
M0331,S034,2026-08-24,1,Falcons,Eagles,Ground 2,Falcons,Eagles,,
M0332,S034,2026-09-25,2,Wolves,Falcons,Ground 3,Wolves,Wolves,,
M0333,S034,2026-10-26,3,Sharks,Tigers,Ground 4,Sharks,Sharks,,
M0334,S034,2026-11-27,4,Sharks,Wolves,Ground 5,Sharks,Wolves,,
M0335,S034,2026-12-28,5,Sharks,Wolves,Ground 1,Sharks,Wolves,,
M0336,S034,2026-01-01,6,Eagles,Wolves,Ground 2,Eagles,Eagles,,
M0337,S034,2026-02-02,7,Falcons,Sharks,Ground 3,Falcons,Sharks,,
M0338,S034,2026-03-03,8,Wolves,Rhinos,Ground 4,Wolves,Wolves,,
M0339,S034,2026-04-04,9,Tigers,Eagles,Ground 5,Tigers,Tigers,,
M0340,S034,2026-05-05,10,Wolves,Falcons,Ground 1,Wolves,Wolves,,
M0341,S035,2026-06-06,1,Tigers,Rhinos,Ground 2,Tigers,Tigers,,
M0342,S035,2026-07-07,2,Sharks,Eagles,Ground 3,Sharks,Sharks,,
M0343,S035,2026-08-08,3,Sharks,Falcons,Ground 4,Sharks,Falcons,,
M0344,S035,2026-09-09,4,Tigers,Falcons,Ground 5,Tigers,Tigers,,
M0345,S035,2026-10-10,5,Sharks,Tigers,Ground 1,Sharks,Tigers,,
M0346,S035,2026-11-11,6,Eagles,Tigers,Ground 2,Eagles,Eagles,,
M0347,S035,2026-12-12,7,Wolves,Eagles,Ground 3,Wolves,Eagles,,
M0348,S035,2026-01-13,8,Eagles,Falcons,Ground 4,Eagles,Eagles,,
M0349,S035,2026-02-14,9,Tigers,Eagles,Ground 5,Tigers,Eagles,,
M0350,S035,2026-03-15,10,Wolves,Eagles,Ground 1,Wolves,Eagles,,
M0351,S036,2026-04-16,1,Rhinos,Eagles,Ground 2,Rhinos,Eagles,,
M0352,S036,2026-05-17,2,Falcons,Eagles,Ground 3,Falcons,Eagles,,
M0353,S036,2026-06-18,3,Rhinos,Eagles,Ground 4,Rhinos,Rhinos,,
M0354,S036,2026-07-19,4,Sharks,Rhinos,Ground 5,Sharks,Rhinos,,
M0355,S036,2026-08-20,5,Tigers,Falcons,Ground 1,Tigers,Tigers,,
M0356,S036,2026-09-21,6,Eagles,Falcons,Ground 2,Eagles,Eagles,,
M0357,S036,2026-10-22,7,Tigers,Sharks,Ground 3,Tigers,Sharks,,
M0358,S036,2026-11-23,8,Sharks,Wolves,Ground 4,Sharks,Wolves,,
M0359,S036,2026-12-24,9,Sharks,Falcons,Ground 5,Sharks,Sharks,,
M0360,S036,2026-01-25,10,Rhinos,Wolves,Ground 1,Rhinos,Wolves,,
M0361,S037,2026-02-26,1,Sharks,Tigers,Ground 2,Sharks,Tigers,,
M0362,S037,2026-03-27,2,Eagles,Tigers,Ground 3,Eagles,Tigers,,
M0363,S037,2026-04-28,3,Sharks,Rhinos,Ground 4,Sharks,Rhinos,,
M0364,S037,2026-05-01,4,Sharks,Eagles,Ground 5,Sharks,Sharks,,
M0365,S037,2026-06-02,5,Falcons,Wolves,Ground 1,Falcons,Falcons,,
M0366,S037,2026-07-03,6,Wolves,Tigers,Ground 2,Wolves,Tigers,,
M0367,S037,2026-08-04,7,Falcons,Sharks,Ground 3,Falcons,Sharks,,
M0368,S037,2026-09-05,8,Wolves,Sharks,Ground 4,Wolves,Sharks,,
M0369,S037,2026-10-06,9,Sharks,Rhinos,Ground 5,Sharks,Rhinos,,
M0370,S037,2026-11-07,10,Sharks,Eagles,Ground 1,Sharks,Sharks,,
M0371,S038,2026-12-08,1,Rhinos,Sharks,Ground 2,Rhinos,Rhinos,,
M0372,S038,2026-01-09,2,Rhinos,Tigers,Ground 3,Rhinos,Tigers,,
M0373,S038,2026-02-10,3,Falcons,Tigers,Ground 4,Falcons,Tigers,,
M0374,S038,2026-03-11,4,Tigers,Sharks,Ground 5,Tigers,Sharks,,
M0375,S038,2026-04-12,5,Wolves,Falcons,Ground 1,Wolves,Falcons,,
M0376,S038,2026-05-13,6,Falcons,Wolves,Ground 2,Falcons,Falcons,,
M0377,S038,2026-06-14,7,Wolves,Sharks,Ground 3,Wolves,Sharks,,
M0378,S038,2026-07-15,8,Eagles,Tigers,Ground 4,Eagles,Eagles,,
M0379,S038,2026-08-16,9,Sharks,Rhinos,Ground 5,Sharks,Sharks,,
M0380,S038,2026-09-17,10,Rhinos,Tigers,Ground 1,Rhinos,Rhinos,,
M0381,S039,2026-10-18,1,Rhinos,Sharks,Ground 2,Rhinos,Sharks,,
M0382,S039,2026-11-19,2,Eagles,Rhinos,Ground 3,Eagles,Rhinos,,
M0383,S039,2026-12-20,3,Eagles,Sharks,Ground 4,Eagles,Eagles,,
M0384,S039,2026-01-21,4,Sharks,Eagles,Ground 5,Sharks,Sharks,,
M0385,S039,2026-02-22,5,Eagles,Falcons,Ground 1,Eagles,Falcons,,
M0386,S039,2026-03-23,6,Sharks,Falcons,Ground 2,Sharks,Falcons,,
M0387,S039,2026-04-24,7,Sharks,Eagles,Ground 3,Sharks,Eagles,,
M0388,S039,2026-05-25,8,Sharks,Eagles,Ground 4,Sharks,Eagles,,
M0389,S039,2026-06-26,9,Sharks,Falcons,Ground 5,Sharks,Sharks,,
M0390,S039,2026-07-27,10,Tigers,Wolves,Ground 1,Tigers,Tigers,,
M0391,S040,2026-08-28,1,Tigers,Falcons,Ground 2,Tigers,Falcons,,
M0392,S040,2026-09-01,2,Tigers,Falcons,Ground 3,Tigers,Tigers,,
M0393,S040,2026-10-02,3,Rhinos,Sharks,Ground 4,Rhinos,Rhinos,,
M0394,S040,2026-11-03,4,Eagles,Rhinos,Ground 5,Eagles,Rhinos,,
M0395,S040,2026-12-04,5,Rhinos,Tigers,Ground 1,Rhinos,Rhinos,,
M0396,S040,2026-01-05,6,Sharks,Wolves,Ground 2,Sharks,Wolves,,
M0397,S040,2026-02-06,7,Falcons,Wolves,Ground 3,Falcons,Wolves,,
M0398,S040,2026-03-07,8,Wolves,Falcons,Ground 4,Wolves,Falcons,,
M0399,S040,2026-04-08,9,Eagles,Falcons,Ground 5,Eagles,Eagles,,
M0400,S040,2026-05-09,10,Rhinos,Eagles,Ground 1,Rhinos,Eagles,,
M0401,S041,2026-06-10,1,Eagles,Sharks,Ground 2,Eagles,Sharks,,
M0402,S041,2026-07-11,2,Sharks,Tigers,Ground 3,Sharks,Tigers,,
M0403,S041,2026-08-12,3,Tigers,Rhinos,Ground 4,Tigers,Tigers,,
M0404,S041,2026-09-13,4,Falcons,Sharks,Ground 5,Falcons,Sharks,,
M0405,S041,2026-10-14,5,Falcons,Rhinos,Ground 1,Falcons,Rhinos,,
M0406,S041,2026-11-15,6,Rhinos,Sharks,Ground 2,Rhinos,Sharks,,
M0407,S041,2026-12-16,7,Rhinos,Sharks,Ground 3,Rhinos,Rhinos,,
M0408,S041,2026-01-17,8,Sharks,Eagles,Ground 4,Sharks,Sharks,,
M0409,S041,2026-02-18,9,Wolves,Sharks,Ground 5,Wolves,Wolves,,
M0410,S041,2026-03-19,10,Tigers,Falcons,Ground 1,Tigers,Tigers,,
M0411,S042,2026-04-20,1,Tigers,Eagles,Ground 2,Tigers,Eagles,,
M0412,S042,2026-05-21,2,Sharks,Wolves,Ground 3,Sharks,Wolves,,
M0413,S042,2026-06-22,3,Rhinos,Falcons,Ground 4,Rhinos,Rhinos,,
M0414,S042,2026-07-23,4,Sharks,Rhinos,Ground 5,Sharks,Sharks,,
M0415,S042,2026-08-24,5,Sharks,Wolves,Ground 1,Sharks,Wolves,,
M0416,S042,2026-09-25,6,Eagles,Falcons,Ground 2,Eagles,Eagles,,
M0417,S042,2026-10-26,7,Rhinos,Sharks,Ground 3,Rhinos,Sharks,,
M0418,S042,2026-11-27,8,Falcons,Eagles,Ground 4,Falcons,Falcons,,
M0419,S042,2026-12-28,9,Tigers,Sharks,Ground 5,Tigers,Sharks,,
M0420,S042,2026-01-01,10,Tigers,Rhinos,Ground 1,Tigers,Rhinos,,
M0421,S043,2026-02-02,1,Falcons,Wolves,Ground 2,Falcons,Wolves,,
M0422,S043,2026-03-03,2,Wolves,Sharks,Ground 3,Wolves,Sharks,,
M0423,S043,2026-04-04,3,Sharks,Rhinos,Ground 4,Sharks,Rhinos,,
M0424,S043,2026-05-05,4,Rhinos,Tigers,Ground 5,Rhinos,Rhinos,,
M0425,S043,2026-06-06,5,Tigers,Falcons,Ground 1,Tigers,Falcons,,
M0426,S043,2026-07-07,6,Tigers,Wolves,Ground 2,Tigers,Wolves,,
M0427,S043,2026-08-08,7,Sharks,Falcons,Ground 3,Sharks,Sharks,,
M0428,S043,2026-09-09,8,Sharks,Falcons,Ground 4,Sharks,Sharks,,
M0429,S043,2026-10-10,9,Rhinos,Eagles,Ground 5,Rhinos,Eagles,,
M0430,S043,2026-11-11,10,Wolves,Sharks,Ground 1,Wolves,Wolves,,
M0431,S044,2026-12-12,1,Wolves,Falcons,Ground 2,Wolves,Falcons,,
M0432,S044,2026-01-13,2,Falcons,Tigers,Ground 3,Falcons,Tigers,,
M0433,S044,2026-02-14,3,Rhinos,Falcons,Ground 4,Rhinos,Falcons,,
M0434,S044,2026-03-15,4,Falcons,Wolves,Ground 5,Falcons,Falcons,,
M0435,S044,2026-04-16,5,Falcons,Sharks,Ground 1,Falcons,Sharks,,
M0436,S044,2026-05-17,6,Rhinos,Tigers,Ground 2,Rhinos,Tigers,,
M0437,S044,2026-06-18,7,Sharks,Tigers,Ground 3,Sharks,Sharks,,
M0438,S044,2026-07-19,8,Sharks,Tigers,Ground 4,Sharks,Sharks,,
M0439,S044,2026-08-20,9,Falcons,Eagles,Ground 5,Falcons,Falcons,,
M0440,S044,2026-09-21,10,Rhinos,Falcons,Ground 1,Rhinos,Rhinos,,
M0441,S045,2026-10-22,1,Tigers,Rhinos,Ground 2,Tigers,Tigers,,
M0442,S045,2026-11-23,2,Tigers,Falcons,Ground 3,Tigers,Tigers,,
M0443,S045,2026-12-24,3,Eagles,Tigers,Ground 4,Eagles,Tigers,,
M0444,S045,2026-01-25,4,Wolves,Tigers,Ground 5,Wolves,Tigers,,
M0445,S045,2026-02-26,5,Wolves,Falcons,Ground 1,Wolves,Falcons,,
M0446,S045,2026-03-27,6,Wolves,Sharks,Ground 2,Wolves,Wolves,,
M0447,S045,2026-04-28,7,Falcons,Rhinos,Ground 3,Falcons,Rhinos,,
M0448,S045,2026-05-01,8,Tigers,Rhinos,Ground 4,Tigers,Tigers,,
M0449,S045,2026-06-02,9,Eagles,Sharks,Ground 5,Eagles,Eagles,,
M0450,S045,2026-07-03,10,Rhinos,Wolves,Ground 1,Rhinos,Wolves,,
M0451,S046,2026-08-04,1,Sharks,Wolves,Ground 2,Sharks,Sharks,,
M0452,S046,2026-09-05,2,Eagles,Sharks,Ground 3,Eagles,Eagles,,
M0453,S046,2026-10-06,3,Wolves,Falcons,Ground 4,Wolves,Falcons,,
M0454,S046,2026-11-07,4,Falcons,Eagles,Ground 5,Falcons,Eagles,,
M0455,S046,2026-12-08,5,Tigers,Rhinos,Ground 1,Tigers,Tigers,,
M0456,S046,2026-01-09,6,Rhinos,Wolves,Ground 2,Rhinos,Rhinos,,
M0457,S046,2026-02-10,7,Sharks,Tigers,Ground 3,Sharks,Sharks,,
M0458,S046,2026-03-11,8,Tigers,Falcons,Ground 4,Tigers,Falcons,,
M0459,S046,2026-04-12,9,Tigers,Falcons,Ground 5,Tigers,Tigers,,
M0460,S046,2026-05-13,10,Tigers,Eagles,Ground 1,Tigers,Eagles,,
M0461,S047,2026-06-14,1,Tigers,Falcons,Ground 2,Tigers,Tigers,,
M0462,S047,2026-07-15,2,Eagles,Rhinos,Ground 3,Eagles,Rhinos,,
M0463,S047,2026-08-16,3,Rhinos,Sharks,Ground 4,Rhinos,Rhinos,,
M0464,S047,2026-09-17,4,Falcons,Wolves,Ground 5,Falcons,Falcons,,
M0465,S047,2026-10-18,5,Wolves,Sharks,Ground 1,Wolves,Sharks,,
M0466,S047,2026-11-19,6,Wolves,Eagles,Ground 2,Wolves,Eagles,,
M0467,S047,2026-12-20,7,Falcons,Wolves,Ground 3,Falcons,Wolves,,
M0468,S047,2026-01-21,8,Wolves,Sharks,Ground 4,Wolves,Sharks,,
M0469,S047,2026-02-22,9,Wolves,Eagles,Ground 5,Wolves,Eagles,,
M0470,S047,2026-03-23,10,Sharks,Rhinos,Ground 1,Sharks,Sharks,,
M0471,S048,2026-04-24,1,Tigers,Eagles,Ground 2,Tigers,Tigers,,
M0472,S048,2026-05-25,2,Sharks,Eagles,Ground 3,Sharks,Eagles,,
M0473,S048,2026-06-26,3,Tigers,Eagles,Ground 4,Tigers,Tigers,,
M0474,S048,2026-07-27,4,Eagles,Wolves,Ground 5,Eagles,Wolves,,
M0475,S048,2026-08-28,5,Sharks,Rhinos,Ground 1,Sharks,Sharks,,
M0476,S048,2026-09-01,6,Rhinos,Falcons,Ground 2,Rhinos,Rhinos,,
M0477,S048,2026-10-02,7,Tigers,Sharks,Ground 3,Tigers,Sharks,,
M0478,S048,2026-11-03,8,Sharks,Wolves,Ground 4,Sharks,Wolves,,
M0479,S048,2026-12-04,9,Eagles,Falcons,Ground 5,Eagles,Eagles,,
M0480,S048,2026-01-05,10,Sharks,Rhinos,Ground 1,Sharks,Sharks,,
M0481,S049,2026-02-06,1,Wolves,Eagles,Ground 2,Wolves,Wolves,,
M0482,S049,2026-03-07,2,Rhinos,Falcons,Ground 3,Rhinos,Rhinos,,
M0483,S049,2026-04-08,3,Tigers,Sharks,Ground 4,Tigers,Sharks,,
M0484,S049,2026-05-09,4,Falcons,Sharks,Ground 5,Falcons,Sharks,,
M0485,S049,2026-06-10,5,Rhinos,Sharks,Ground 1,Rhinos,Rhinos,,
M0486,S049,2026-07-11,6,Sharks,Falcons,Ground 2,Sharks,Sharks,,
M0487,S049,2026-08-12,7,Sharks,Falcons,Ground 3,Sharks,Falcons,,
M0488,S049,2026-09-13,8,Wolves,Falcons,Ground 4,Wolves,Falcons,,
M0489,S049,2026-10-14,9,Wolves,Rhinos,Ground 5,Wolves,Rhinos,,
M0490,S049,2026-11-15,10,Tigers,Falcons,Ground 1,Tigers,Tigers,,
M0491,S050,2026-12-16,1,Eagles,Sharks,Ground 2,Eagles,Sharks,,
M0492,S050,2026-01-17,2,Tigers,Sharks,Ground 3,Tigers,Tigers,,
M0493,S050,2026-02-18,3,Falcons,Eagles,Ground 4,Falcons,Eagles,,
M0494,S050,2026-03-19,4,Rhinos,Wolves,Ground 5,Rhinos,Wolves,,
M0495,S050,2026-04-20,5,Wolves,Falcons,Ground 1,Wolves,Falcons,,
M0496,S050,2026-05-21,6,Eagles,Falcons,Ground 2,Eagles,Falcons,,
M0497,S050,2026-06-22,7,Falcons,Tigers,Ground 3,Falcons,Tigers,,
M0498,S050,2026-07-23,8,Rhinos,Falcons,Ground 4,Rhinos,Rhinos,,
M0499,S050,2026-08-24,9,Wolves,Eagles,Ground 5,Wolves,Eagles,,
M0500,S050,2026-09-25,10,Wolves,Eagles,Ground 1,Wolves,Wolves,,
M0501,S051,2026-10-26,1,Rhinos,Eagles,Ground 2,Rhinos,Rhinos,,
M0502,S051,2026-11-27,2,Falcons,Tigers,Ground 3,Falcons,Falcons,,
M0503,S051,2026-12-28,3,Rhinos,Tigers,Ground 4,Rhinos,Tigers,,
M0504,S051,2026-01-01,4,Falcons,Rhinos,Ground 5,Falcons,Rhinos,,
M0505,S051,2026-02-02,5,Rhinos,Wolves,Ground 1,Rhinos,Wolves,,
M0506,S051,2026-03-03,6,Sharks,Eagles,Ground 2,Sharks,Sharks,,
M0507,S051,2026-04-04,7,Falcons,Eagles,Ground 3,Falcons,Falcons,,
M0508,S051,2026-05-05,8,Eagles,Tigers,Ground 4,Eagles,Tigers,,
M0509,S051,2026-06-06,9,Rhinos,Eagles,Ground 5,Rhinos,Rhinos,,
M0510,S051,2026-07-07,10,Tigers,Rhinos,Ground 1,Tigers,Rhinos,,
M0511,S052,2026-08-08,1,Rhinos,Eagles,Ground 2,Rhinos,Eagles,,
M0512,S052,2026-09-09,2,Wolves,Tigers,Ground 3,Wolves,Wolves,,
M0513,S052,2026-10-10,3,Wolves,Eagles,Ground 4,Wolves,Eagles,,
M0514,S052,2026-11-11,4,Wolves,Rhinos,Ground 5,Wolves,Wolves,,
M0515,S052,2026-12-12,5,Rhinos,Wolves,Ground 1,Rhinos,Rhinos,,
M0516,S052,2026-01-13,6,Wolves,Rhinos,Ground 2,Wolves,Rhinos,,
M0517,S052,2026-02-14,7,Falcons,Wolves,Ground 3,Falcons,Falcons,,
M0518,S052,2026-03-15,8,Sharks,Tigers,Ground 4,Sharks,Tigers,,
M0519,S052,2026-04-16,9,Falcons,Tigers,Ground 5,Falcons,Tigers,,
M0520,S052,2026-05-17,10,Eagles,Rhinos,Ground 1,Eagles,Rhinos,,
M0521,S053,2026-06-18,1,Eagles,Wolves,Ground 2,Eagles,Eagles,,
M0522,S053,2026-07-19,2,Rhinos,Sharks,Ground 3,Rhinos,Sharks,,
M0523,S053,2026-08-20,3,Eagles,Wolves,Ground 4,Eagles,Eagles,,
M0524,S053,2026-09-21,4,Falcons,Eagles,Ground 5,Falcons,Eagles,,
M0525,S053,2026-10-22,5,Falcons,Wolves,Ground 1,Falcons,Falcons,,
M0526,S053,2026-11-23,6,Falcons,Sharks,Ground 2,Falcons,Falcons,,
M0527,S053,2026-12-24,7,Falcons,Rhinos,Ground 3,Falcons,Rhinos,,
M0528,S053,2026-01-25,8,Falcons,Tigers,Ground 4,Falcons,Tigers,,
M0529,S053,2026-02-26,9,Rhinos,Wolves,Ground 5,Rhinos,Rhinos,,
M0530,S053,2026-03-27,10,Rhinos,Falcons,Ground 1,Rhinos,Rhinos,,
M0531,S054,2026-04-28,1,Sharks,Rhinos,Ground 2,Sharks,Rhinos,,
M0532,S054,2026-05-01,2,Wolves,Tigers,Ground 3,Wolves,Wolves,,
M0533,S054,2026-06-02,3,Rhinos,Wolves,Ground 4,Rhinos,Rhinos,,
M0534,S054,2026-07-03,4,Tigers,Sharks,Ground 5,Tigers,Sharks,,
M0535,S054,2026-08-04,5,Wolves,Falcons,Ground 1,Wolves,Falcons,,
M0536,S054,2026-09-05,6,Sharks,Eagles,Ground 2,Sharks,Eagles,,
M0537,S054,2026-10-06,7,Falcons,Tigers,Ground 3,Falcons,Falcons,,
M0538,S054,2026-11-07,8,Rhinos,Sharks,Ground 4,Rhinos,Sharks,,
M0539,S054,2026-12-08,9,Falcons,Eagles,Ground 5,Falcons,Eagles,,
M0540,S054,2026-01-09,10,Sharks,Rhinos,Ground 1,Sharks,Sharks,,
M0541,S055,2026-02-10,1,Wolves,Falcons,Ground 2,Wolves,Wolves,,
M0542,S055,2026-03-11,2,Wolves,Falcons,Ground 3,Wolves,Wolves,,
M0543,S055,2026-04-12,3,Falcons,Wolves,Ground 4,Falcons,Falcons,,
M0544,S055,2026-05-13,4,Rhinos,Tigers,Ground 5,Rhinos,Tigers,,
M0545,S055,2026-06-14,5,Sharks,Falcons,Ground 1,Sharks,Falcons,,
M0546,S055,2026-07-15,6,Tigers,Rhinos,Ground 2,Tigers,Rhinos,,
M0547,S055,2026-08-16,7,Sharks,Tigers,Ground 3,Sharks,Sharks,,
M0548,S055,2026-09-17,8,Sharks,Tigers,Ground 4,Sharks,Sharks,,
M0549,S055,2026-10-18,9,Rhinos,Eagles,Ground 5,Rhinos,Eagles,,
M0550,S055,2026-11-19,10,Wolves,Eagles,Ground 1,Wolves,Eagles,,
M0551,S056,2026-12-20,1,Rhinos,Eagles,Ground 2,Rhinos,Eagles,,
M0552,S056,2026-01-21,2,Rhinos,Sharks,Ground 3,Rhinos,Rhinos,,
M0553,S056,2026-02-22,3,Sharks,Tigers,Ground 4,Sharks,Tigers,,
M0554,S056,2026-03-23,4,Eagles,Falcons,Ground 5,Eagles,Falcons,,
M0555,S056,2026-04-24,5,Tigers,Eagles,Ground 1,Tigers,Eagles,,
M0556,S056,2026-05-25,6,Sharks,Rhinos,Ground 2,Sharks,Rhinos,,
M0557,S056,2026-06-26,7,Eagles,Sharks,Ground 3,Eagles,Eagles,,
M0558,S056,2026-07-27,8,Falcons,Rhinos,Ground 4,Falcons,Falcons,,
M0559,S056,2026-08-28,9,Wolves,Rhinos,Ground 5,Wolves,Wolves,,
M0560,S056,2026-09-01,10,Rhinos,Sharks,Ground 1,Rhinos,Rhinos,,
M0561,S057,2026-10-02,1,Tigers,Rhinos,Ground 2,Tigers,Rhinos,,
M0562,S057,2026-11-03,2,Eagles,Falcons,Ground 3,Eagles,Eagles,,
M0563,S057,2026-12-04,3,Eagles,Tigers,Ground 4,Eagles,Tigers,,
M0564,S057,2026-01-05,4,Rhinos,Sharks,Ground 5,Rhinos,Sharks,,
M0565,S057,2026-02-06,5,Sharks,Tigers,Ground 1,Sharks,Sharks,,
M0566,S057,2026-03-07,6,Rhinos,Sharks,Ground 2,Rhinos,Rhinos,,
M0567,S057,2026-04-08,7,Rhinos,Tigers,Ground 3,Rhinos,Tigers,,
M0568,S057,2026-05-09,8,Eagles,Sharks,Ground 4,Eagles,Eagles,,
M0569,S057,2026-06-10,9,Eagles,Tigers,Ground 5,Eagles,Tigers,,
M0570,S057,2026-07-11,10,Eagles,Falcons,Ground 1,Eagles,Falcons,,
M0571,S058,2026-08-12,1,Tigers,Wolves,Ground 2,Tigers,Wolves,,
M0572,S058,2026-09-13,2,Wolves,Falcons,Ground 3,Wolves,Wolves,,
M0573,S058,2026-10-14,3,Eagles,Falcons,Ground 4,Eagles,Eagles,,
M0574,S058,2026-11-15,4,Falcons,Rhinos,Ground 5,Falcons,Falcons,,
M0575,S058,2026-12-16,5,Wolves,Eagles,Ground 1,Wolves,Eagles,,
M0576,S058,2026-01-17,6,Eagles,Wolves,Ground 2,Eagles,Wolves,,
M0577,S058,2026-02-18,7,Wolves,Eagles,Ground 3,Wolves,Eagles,,
M0578,S058,2026-03-19,8,Eagles,Wolves,Ground 4,Eagles,Eagles,,
M0579,S058,2026-04-20,9,Rhinos,Sharks,Ground 5,Rhinos,Sharks,,
M0580,S058,2026-05-21,10,Rhinos,Sharks,Ground 1,Rhinos,Rhinos,,
M0581,S059,2026-06-22,1,Eagles,Wolves,Ground 2,Eagles,Eagles,,
M0582,S059,2026-07-23,2,Sharks,Rhinos,Ground 3,Sharks,Sharks,,
M0583,S059,2026-08-24,3,Sharks,Wolves,Ground 4,Sharks,Sharks,,
M0584,S059,2026-09-25,4,Tigers,Sharks,Ground 5,Tigers,Tigers,,
M0585,S059,2026-10-26,5,Falcons,Eagles,Ground 1,Falcons,Eagles,,
M0586,S059,2026-11-27,6,Eagles,Wolves,Ground 2,Eagles,Wolves,,
M0587,S059,2026-12-28,7,Tigers,Wolves,Ground 3,Tigers,Wolves,,
M0588,S059,2026-01-01,8,Tigers,Wolves,Ground 4,Tigers,Tigers,,
M0589,S059,2026-02-02,9,Tigers,Wolves,Ground 5,Tigers,Tigers,,
M0590,S059,2026-03-03,10,Rhinos,Falcons,Ground 1,Rhinos,Falcons,,
M0591,S060,2026-04-04,1,Sharks,Tigers,Ground 2,Sharks,Sharks,,
M0592,S060,2026-05-05,2,Rhinos,Sharks,Ground 3,Rhinos,Rhinos,,
M0593,S060,2026-06-06,3,Rhinos,Wolves,Ground 4,Rhinos,Rhinos,,
M0594,S060,2026-07-07,4,Eagles,Wolves,Ground 5,Eagles,Wolves,,
M0595,S060,2026-08-08,5,Tigers,Falcons,Ground 1,Tigers,Tigers,,
M0596,S060,2026-09-09,6,Rhinos,Wolves,Ground 2,Rhinos,Rhinos,,
M0597,S060,2026-10-10,7,Eagles,Tigers,Ground 3,Eagles,Tigers,,
M0598,S060,2026-11-11,8,Wolves,Tigers,Ground 4,Wolves,Tigers,,
M0599,S060,2026-12-12,9,Eagles,Falcons,Ground 5,Eagles,Eagles,,
M0600,S060,2026-01-13,10,Falcons,Tigers,Ground 1,Falcons,Falcons,,
M0601,S061,2026-02-14,1,Eagles,Tigers,Ground 2,Eagles,Tigers,,
M0602,S061,2026-03-15,2,Rhinos,Sharks,Ground 3,Rhinos,Sharks,,
M0603,S061,2026-04-16,3,Rhinos,Falcons,Ground 4,Rhinos,Rhinos,,
M0604,S061,2026-05-17,4,Falcons,Eagles,Ground 5,Falcons,Eagles,,
M0605,S061,2026-06-18,5,Eagles,Wolves,Ground 1,Eagles,Wolves,,
M0606,S061,2026-07-19,6,Tigers,Rhinos,Ground 2,Tigers,Tigers,,
M0607,S061,2026-08-20,7,Sharks,Tigers,Ground 3,Sharks,Tigers,,
M0608,S061,2026-09-21,8,Sharks,Rhinos,Ground 4,Sharks,Sharks,,
M0609,S061,2026-10-22,9,Sharks,Eagles,Ground 5,Sharks,Eagles,,
M0610,S061,2026-11-23,10,Rhinos,Falcons,Ground 1,Rhinos,Rhinos,,
M0611,S062,2026-12-24,1,Rhinos,Falcons,Ground 2,Rhinos,Falcons,,
M0612,S062,2026-01-25,2,Falcons,Wolves,Ground 3,Falcons,Wolves,,
M0613,S062,2026-02-26,3,Wolves,Sharks,Ground 4,Wolves,Sharks,,
M0614,S062,2026-03-27,4,Wolves,Eagles,Ground 5,Wolves,Wolves,,
M0615,S062,2026-04-28,5,Wolves,Falcons,Ground 1,Wolves,Wolves,,
M0616,S062,2026-05-01,6,Rhinos,Falcons,Ground 2,Rhinos,Falcons,,
M0617,S062,2026-06-02,7,Wolves,Tigers,Ground 3,Wolves,Wolves,,
M0618,S062,2026-07-03,8,Falcons,Eagles,Ground 4,Falcons,Eagles,,
M0619,S062,2026-08-04,9,Sharks,Rhinos,Ground 5,Sharks,Rhinos,,
M0620,S062,2026-09-05,10,Falcons,Wolves,Ground 1,Falcons,Wolves,,
M0621,S063,2026-10-06,1,Falcons,Tigers,Ground 2,Falcons,Falcons,,
M0622,S063,2026-11-07,2,Wolves,Rhinos,Ground 3,Wolves,Wolves,,
M0623,S063,2026-12-08,3,Wolves,Tigers,Ground 4,Wolves,Tigers,,
M0624,S063,2026-01-09,4,Sharks,Wolves,Ground 5,Sharks,Wolves,,
M0625,S063,2026-02-10,5,Wolves,Eagles,Ground 1,Wolves,Wolves,,
M0626,S063,2026-03-11,6,Sharks,Eagles,Ground 2,Sharks,Sharks,,
M0627,S063,2026-04-12,7,Sharks,Eagles,Ground 3,Sharks,Eagles,,
M0628,S063,2026-05-13,8,Rhinos,Sharks,Ground 4,Rhinos,Sharks,,
M0629,S063,2026-06-14,9,Falcons,Sharks,Ground 5,Falcons,Falcons,,
M0630,S063,2026-07-15,10,Rhinos,Tigers,Ground 1,Rhinos,Rhinos,,
M0631,S064,2026-08-16,1,Sharks,Falcons,Ground 2,Sharks,Falcons,,
M0632,S064,2026-09-17,2,Eagles,Sharks,Ground 3,Eagles,Sharks,,
M0633,S064,2026-10-18,3,Wolves,Eagles,Ground 4,Wolves,Eagles,,
M0634,S064,2026-11-19,4,Falcons,Rhinos,Ground 5,Falcons,Falcons,,
M0635,S064,2026-12-20,5,Eagles,Sharks,Ground 1,Eagles,Eagles,,
M0636,S064,2026-01-21,6,Wolves,Rhinos,Ground 2,Wolves,Rhinos,,
M0637,S064,2026-02-22,7,Eagles,Tigers,Ground 3,Eagles,Tigers,,
M0638,S064,2026-03-23,8,Rhinos,Sharks,Ground 4,Rhinos,Sharks,,
M0639,S064,2026-04-24,9,Eagles,Tigers,Ground 5,Eagles,Eagles,,
M0640,S064,2026-05-25,10,Falcons,Sharks,Ground 1,Falcons,Falcons,,
M0641,S065,2026-06-26,1,Sharks,Rhinos,Ground 2,Sharks,Sharks,,
M0642,S065,2026-07-27,2,Eagles,Falcons,Ground 3,Eagles,Falcons,,
M0643,S065,2026-08-28,3,Tigers,Rhinos,Ground 4,Tigers,Tigers,,
M0644,S065,2026-09-01,4,Falcons,Sharks,Ground 5,Falcons,Falcons,,
M0645,S065,2026-10-02,5,Eagles,Tigers,Ground 1,Eagles,Tigers,,
M0646,S065,2026-11-03,6,Eagles,Sharks,Ground 2,Eagles,Eagles,,
M0647,S065,2026-12-04,7,Rhinos,Eagles,Ground 3,Rhinos,Eagles,,
M0648,S065,2026-01-05,8,Wolves,Tigers,Ground 4,Wolves,Tigers,,
M0649,S065,2026-02-06,9,Rhinos,Falcons,Ground 5,Rhinos,Falcons,,
M0650,S065,2026-03-07,10,Wolves,Tigers,Ground 1,Wolves,Wolves,,
M0651,S066,2026-04-08,1,Rhinos,Tigers,Ground 2,Rhinos,Rhinos,,
M0652,S066,2026-05-09,2,Falcons,Eagles,Ground 3,Falcons,Eagles,,
M0653,S066,2026-06-10,3,Sharks,Falcons,Ground 4,Sharks,Sharks,,
M0654,S066,2026-07-11,4,Eagles,Falcons,Ground 5,Eagles,Eagles,,
M0655,S066,2026-08-12,5,Rhinos,Falcons,Ground 1,Rhinos,Falcons,,
M0656,S066,2026-09-13,6,Sharks,Rhinos,Ground 2,Sharks,Sharks,,
M0657,S066,2026-10-14,7,Tigers,Eagles,Ground 3,Tigers,Eagles,,
M0658,S066,2026-11-15,8,Falcons,Rhinos,Ground 4,Falcons,Rhinos,,
M0659,S066,2026-12-16,9,Tigers,Sharks,Ground 5,Tigers,Tigers,,
M0660,S066,2026-01-17,10,Tigers,Eagles,Ground 1,Tigers,Eagles,,
M0661,S067,2026-02-18,1,Eagles,Wolves,Ground 2,Eagles,Wolves,,
M0662,S067,2026-03-19,2,Eagles,Tigers,Ground 3,Eagles,Tigers,,
M0663,S067,2026-04-20,3,Wolves,Rhinos,Ground 4,Wolves,Wolves,,
M0664,S067,2026-05-21,4,Tigers,Wolves,Ground 5,Tigers,Wolves,,
M0665,S067,2026-06-22,5,Tigers,Rhinos,Ground 1,Tigers,Rhinos,,
M0666,S067,2026-07-23,6,Eagles,Rhinos,Ground 2,Eagles,Eagles,,
M0667,S067,2026-08-24,7,Falcons,Wolves,Ground 3,Falcons,Wolves,,
M0668,S067,2026-09-25,8,Wolves,Sharks,Ground 4,Wolves,Sharks,,
M0669,S067,2026-10-26,9,Tigers,Eagles,Ground 5,Tigers,Tigers,,
M0670,S067,2026-11-27,10,Sharks,Wolves,Ground 1,Sharks,Wolves,,
M0671,S068,2026-12-28,1,Sharks,Wolves,Ground 2,Sharks,Sharks,,
M0672,S068,2026-01-01,2,Sharks,Rhinos,Ground 3,Sharks,Sharks,,
M0673,S068,2026-02-02,3,Tigers,Falcons,Ground 4,Tigers,Falcons,,
M0674,S068,2026-03-03,4,Rhinos,Tigers,Ground 5,Rhinos,Tigers,,
M0675,S068,2026-04-04,5,Eagles,Sharks,Ground 1,Eagles,Sharks,,
M0676,S068,2026-05-05,6,Tigers,Falcons,Ground 2,Tigers,Falcons,,
M0677,S068,2026-06-06,7,Rhinos,Wolves,Ground 3,Rhinos,Wolves,,
M0678,S068,2026-07-07,8,Sharks,Rhinos,Ground 4,Sharks,Sharks,,
M0679,S068,2026-08-08,9,Rhinos,Wolves,Ground 5,Rhinos,Wolves,,
M0680,S068,2026-09-09,10,Wolves,Falcons,Ground 1,Wolves,Falcons,,
M0681,S069,2026-10-10,1,Eagles,Sharks,Ground 2,Eagles,Sharks,,
M0682,S069,2026-11-11,2,Wolves,Falcons,Ground 3,Wolves,Falcons,,
M0683,S069,2026-12-12,3,Sharks,Eagles,Ground 4,Sharks,Eagles,,
M0684,S069,2026-01-13,4,Rhinos,Eagles,Ground 5,Rhinos,Eagles,,
M0685,S069,2026-02-14,5,Rhinos,Tigers,Ground 1,Rhinos,Rhinos,,
M0686,S069,2026-03-15,6,Wolves,Sharks,Ground 2,Wolves,Wolves,,
M0687,S069,2026-04-16,7,Tigers,Wolves,Ground 3,Tigers,Tigers,,
M0688,S069,2026-05-17,8,Rhinos,Wolves,Ground 4,Rhinos,Wolves,,
M0689,S069,2026-06-18,9,Falcons,Eagles,Ground 5,Falcons,Eagles,,
M0690,S069,2026-07-19,10,Tigers,Eagles,Ground 1,Tigers,Tigers,,
M0691,S070,2026-08-20,1,Sharks,Wolves,Ground 2,Sharks,Sharks,,
M0692,S070,2026-09-21,2,Eagles,Falcons,Ground 3,Eagles,Eagles,,
M0693,S070,2026-10-22,3,Wolves,Eagles,Ground 4,Wolves,Wolves,,
M0694,S070,2026-11-23,4,Eagles,Wolves,Ground 5,Eagles,Eagles,,
M0695,S070,2026-12-24,5,Tigers,Wolves,Ground 1,Tigers,Tigers,,
M0696,S070,2026-01-25,6,Eagles,Wolves,Ground 2,Eagles,Eagles,,
M0697,S070,2026-02-26,7,Falcons,Eagles,Ground 3,Falcons,Falcons,,
M0698,S070,2026-03-27,8,Falcons,Tigers,Ground 4,Falcons,Tigers,,
M0699,S070,2026-04-28,9,Tigers,Wolves,Ground 5,Tigers,Tigers,,
M0700,S070,2026-05-01,10,Sharks,Falcons,Ground 1,Sharks,Falcons,,
M0701,S071,2026-06-02,1,Sharks,Tigers,Ground 2,Sharks,Tigers,,
M0702,S071,2026-07-03,2,Wolves,Falcons,Ground 3,Wolves,Wolves,,
M0703,S071,2026-08-04,3,Tigers,Falcons,Ground 4,Tigers,Tigers,,
M0704,S071,2026-09-05,4,Falcons,Eagles,Ground 5,Falcons,Eagles,,
M0705,S071,2026-10-06,5,Eagles,Tigers,Ground 1,Eagles,Eagles,,
M0706,S071,2026-11-07,6,Wolves,Tigers,Ground 2,Wolves,Wolves,,
M0707,S071,2026-12-08,7,Eagles,Wolves,Ground 3,Eagles,Wolves,,
M0708,S071,2026-01-09,8,Wolves,Rhinos,Ground 4,Wolves,Rhinos,,
M0709,S071,2026-02-10,9,Eagles,Sharks,Ground 5,Eagles,Eagles,,
M0710,S071,2026-03-11,10,Sharks,Tigers,Ground 1,Sharks,Tigers,,
M0711,S072,2026-04-12,1,Wolves,Falcons,Ground 2,Wolves,Wolves,,
M0712,S072,2026-05-13,2,Wolves,Sharks,Ground 3,Wolves,Wolves,,
M0713,S072,2026-06-14,3,Eagles,Sharks,Ground 4,Eagles,Eagles,,
M0714,S072,2026-07-15,4,Falcons,Wolves,Ground 5,Falcons,Falcons,,
M0715,S072,2026-08-16,5,Eagles,Tigers,Ground 1,Eagles,Tigers,,
M0716,S072,2026-09-17,6,Eagles,Rhinos,Ground 2,Eagles,Eagles,,
M0717,S072,2026-10-18,7,Eagles,Wolves,Ground 3,Eagles,Wolves,,
M0718,S072,2026-11-19,8,Sharks,Falcons,Ground 4,Sharks,Sharks,,
M0719,S072,2026-12-20,9,Eagles,Sharks,Ground 5,Eagles,Eagles,,
M0720,S072,2026-01-21,10,Falcons,Wolves,Ground 1,Falcons,Falcons,,
M0721,S073,2026-02-22,1,Sharks,Falcons,Ground 2,Sharks,Sharks,,
M0722,S073,2026-03-23,2,Wolves,Eagles,Ground 3,Wolves,Eagles,,
M0723,S073,2026-04-24,3,Rhinos,Tigers,Ground 4,Rhinos,Tigers,,
M0724,S073,2026-05-25,4,Sharks,Eagles,Ground 5,Sharks,Sharks,,
M0725,S073,2026-06-26,5,Eagles,Tigers,Ground 1,Eagles,Tigers,,
M0726,S073,2026-07-27,6,Wolves,Tigers,Ground 2,Wolves,Wolves,,
M0727,S073,2026-08-28,7,Eagles,Rhinos,Ground 3,Eagles,Rhinos,,
M0728,S073,2026-09-01,8,Eagles,Falcons,Ground 4,Eagles,Falcons,,
M0729,S073,2026-10-02,9,Tigers,Sharks,Ground 5,Tigers,Sharks,,
M0730,S073,2026-11-03,10,Tigers,Wolves,Ground 1,Tigers,Wolves,,
M0731,S074,2026-12-04,1,Wolves,Falcons,Ground 2,Wolves,Falcons,,
M0732,S074,2026-01-05,2,Falcons,Tigers,Ground 3,Falcons,Tigers,,
M0733,S074,2026-02-06,3,Eagles,Tigers,Ground 4,Eagles,Tigers,,
M0734,S074,2026-03-07,4,Wolves,Rhinos,Ground 5,Wolves,Rhinos,,
M0735,S074,2026-04-08,5,Eagles,Rhinos,Ground 1,Eagles,Eagles,,
M0736,S074,2026-05-09,6,Tigers,Falcons,Ground 2,Tigers,Falcons,,
M0737,S074,2026-06-10,7,Eagles,Rhinos,Ground 3,Eagles,Eagles,,
M0738,S074,2026-07-11,8,Eagles,Rhinos,Ground 4,Eagles,Rhinos,,
M0739,S074,2026-08-12,9,Tigers,Sharks,Ground 5,Tigers,Tigers,,
M0740,S074,2026-09-13,10,Sharks,Rhinos,Ground 1,Sharks,Sharks,,
M0741,S075,2026-10-14,1,Falcons,Tigers,Ground 2,Falcons,Falcons,,
M0742,S075,2026-11-15,2,Tigers,Sharks,Ground 3,Tigers,Tigers,,
M0743,S075,2026-12-16,3,Sharks,Rhinos,Ground 4,Sharks,Sharks,,
M0744,S075,2026-01-17,4,Rhinos,Wolves,Ground 5,Rhinos,Rhinos,,
M0745,S075,2026-02-18,5,Falcons,Eagles,Ground 1,Falcons,Eagles,,
M0746,S075,2026-03-19,6,Wolves,Rhinos,Ground 2,Wolves,Wolves,,
M0747,S075,2026-04-20,7,Wolves,Falcons,Ground 3,Wolves,Wolves,,
M0748,S075,2026-05-21,8,Falcons,Wolves,Ground 4,Falcons,Falcons,,
M0749,S075,2026-06-22,9,Sharks,Falcons,Ground 5,Sharks,Sharks,,
M0750,S075,2026-07-23,10,Falcons,Tigers,Ground 1,Falcons,Tigers,,
M0751,S076,2026-08-24,1,Wolves,Rhinos,Ground 2,Wolves,Rhinos,,
M0752,S076,2026-09-25,2,Eagles,Rhinos,Ground 3,Eagles,Eagles,,
M0753,S076,2026-10-26,3,Rhinos,Wolves,Ground 4,Rhinos,Wolves,,
M0754,S076,2026-11-27,4,Sharks,Tigers,Ground 5,Sharks,Sharks,,
M0755,S076,2026-12-28,5,Rhinos,Falcons,Ground 1,Rhinos,Falcons,,
M0756,S076,2026-01-01,6,Falcons,Tigers,Ground 2,Falcons,Falcons,,
M0757,S076,2026-02-02,7,Wolves,Rhinos,Ground 3,Wolves,Rhinos,,
M0758,S076,2026-03-03,8,Wolves,Rhinos,Ground 4,Wolves,Wolves,,
M0759,S076,2026-04-04,9,Eagles,Rhinos,Ground 5,Eagles,Rhinos,,
M0760,S076,2026-05-05,10,Tigers,Eagles,Ground 1,Tigers,Tigers,,
M0761,S077,2026-06-06,1,Rhinos,Eagles,Ground 2,Rhinos,Eagles,,
M0762,S077,2026-07-07,2,Rhinos,Tigers,Ground 3,Rhinos,Tigers,,
M0763,S077,2026-08-08,3,Eagles,Tigers,Ground 4,Eagles,Tigers,,
M0764,S077,2026-09-09,4,Wolves,Eagles,Ground 5,Wolves,Wolves,,
M0765,S077,2026-10-10,5,Falcons,Eagles,Ground 1,Falcons,Falcons,,
M0766,S077,2026-11-11,6,Eagles,Falcons,Ground 2,Eagles,Eagles,,
M0767,S077,2026-12-12,7,Falcons,Rhinos,Ground 3,Falcons,Falcons,,
M0768,S077,2026-01-13,8,Tigers,Falcons,Ground 4,Tigers,Tigers,,
M0769,S077,2026-02-14,9,Rhinos,Falcons,Ground 5,Rhinos,Falcons,,
M0770,S077,2026-03-15,10,Falcons,Sharks,Ground 1,Falcons,Sharks,,
M0771,S078,2026-04-16,1,Tigers,Wolves,Ground 2,Tigers,Tigers,,
M0772,S078,2026-05-17,2,Tigers,Rhinos,Ground 3,Tigers,Tigers,,
M0773,S078,2026-06-18,3,Eagles,Rhinos,Ground 4,Eagles,Rhinos,,
M0774,S078,2026-07-19,4,Sharks,Eagles,Ground 5,Sharks,Eagles,,
M0775,S078,2026-08-20,5,Sharks,Rhinos,Ground 1,Sharks,Sharks,,
M0776,S078,2026-09-21,6,Sharks,Eagles,Ground 2,Sharks,Eagles,,
M0777,S078,2026-10-22,7,Rhinos,Sharks,Ground 3,Rhinos,Sharks,,
M0778,S078,2026-11-23,8,Wolves,Eagles,Ground 4,Wolves,Eagles,,
M0779,S078,2026-12-24,9,Sharks,Falcons,Ground 5,Sharks,Falcons,,
M0780,S078,2026-01-25,10,Wolves,Sharks,Ground 1,Wolves,Sharks,,
M0781,S079,2026-02-26,1,Wolves,Falcons,Ground 2,Wolves,Falcons,,
M0782,S079,2026-03-27,2,Sharks,Eagles,Ground 3,Sharks,Sharks,,
M0783,S079,2026-04-28,3,Tigers,Falcons,Ground 4,Tigers,Falcons,,
M0784,S079,2026-05-01,4,Rhinos,Eagles,Ground 5,Rhinos,Eagles,,
M0785,S079,2026-06-02,5,Rhinos,Wolves,Ground 1,Rhinos,Rhinos,,
M0786,S079,2026-07-03,6,Tigers,Rhinos,Ground 2,Tigers,Rhinos,,
M0787,S079,2026-08-04,7,Tigers,Eagles,Ground 3,Tigers,Tigers,,
M0788,S079,2026-09-05,8,Wolves,Tigers,Ground 4,Wolves,Tigers,,
M0789,S079,2026-10-06,9,Tigers,Sharks,Ground 5,Tigers,Tigers,,
M0790,S079,2026-11-07,10,Tigers,Wolves,Ground 1,Tigers,Tigers,,
M0791,S080,2026-12-08,1,Tigers,Wolves,Ground 2,Tigers,Wolves,,
M0792,S080,2026-01-09,2,Rhinos,Tigers,Ground 3,Rhinos,Tigers,,
M0793,S080,2026-02-10,3,Eagles,Tigers,Ground 4,Eagles,Eagles,,
M0794,S080,2026-03-11,4,Eagles,Wolves,Ground 5,Eagles,Wolves,,
M0795,S080,2026-04-12,5,Tigers,Falcons,Ground 1,Tigers,Falcons,,
M0796,S080,2026-05-13,6,Rhinos,Tigers,Ground 2,Rhinos,Tigers,,
M0797,S080,2026-06-14,7,Falcons,Sharks,Ground 3,Falcons,Falcons,,
M0798,S080,2026-07-15,8,Sharks,Wolves,Ground 4,Sharks,Sharks,,
M0799,S080,2026-08-16,9,Sharks,Falcons,Ground 5,Sharks,Falcons,,
M0800,S080,2026-09-17,10,Sharks,Falcons,Ground 1,Sharks,Falcons,,
