over_mark,match_id,innings,wickets_down,runs_so_far,final_score,predicted,error,top_feature,top_shap
6,73284474,2,1,48,84,162.97,78.97,innings,-8.58
6,73281454,2,4,23,62,131.97,69.97,runs_so_far,-21.13
6,71770458,1,0,54,248,185.06,-62.94,innings,8.77
6,71770414,2,4,31,177,114.19,-62.81,runs_so_far,-21.12
6,73284940,2,1,66,149,208.33,59.33,runs_so_far,22.71
6,71770608,2,4,23,165,105.96,-59.04,runs_so_far,-36.53
6,74114428,1,3,44,97,155.15,58.15,runs_so_far,-8.26
6,71932640,2,0,54,122,178.35,56.35,innings,-8.96
6,71770392,2,2,23,84,140.32,56.32,runs_so_far,-21.32
6,71770632,1,1,72,248,193.62,-54.38,runs_so_far,20.48
6,71770414,1,0,64,252,198.05,-53.95,runs_so_far,13.47
6,71932858,1,1,40,112,165.15,53.15,runs_so_far,-8.89
6,74114434,2,3,36,190,137.67,-52.33,runs_so_far,-15.47
6,71932894,2,3,41,192,139.85,-52.15,runs_so_far,-7.33
6,71770640,1,2,37,111,162.91,51.91,runs_so_far,-8.43
6,71932772,2,1,47,109,160.65,51.65,innings,-7.66
6,73284962,2,2,41,210,159.08,-50.92,runs_so_far,-6.59
6,73281836,2,2,50,117,164.94,47.94,innings,-6.48
6,71770510,1,2,48,128,174.85,46.85,innings,6.41
6,74114428,2,3,34,100,146.83,46.83,runs_so_far,-11.41
6,71932612,2,0,62,216,169.22,-46.78,innings,-7.45
6,73284470,2,2,43,107,153.76,46.76,innings,-4.86
6,73284486,2,2,34,95,141.03,46.03,runs_so_far,-11.73
6,71932772,1,0,33,108,153.27,45.27,runs_so_far,-20.1
6,71932888,1,2,40,196,150.74,-45.26,runs_so_far,-11.4
10,73284474,2,3,67,84,148.48,64.48,runs_so_far,-10.44
10,73281454,2,6,43,62,116.17,54.17,runs_so_far,-42.34
10,73284098,2,1,109,154,205.98,51.98,runs_so_far,43.43
10,73285248,2,1,103,128,177.36,49.36,runs_so_far,17.47
10,71770392,2,3,48,84,131.93,47.93,runs_so_far,-30.57
10,74114560,2,0,89,126,173.56,47.56,runs_so_far,11.6
10,71932772,2,1,74,109,155.14,46.14,dot_pct_last2,-8.21
10,74114428,1,5,68,97,142.21,45.21,runs_so_far,-14.85
10,73284470,2,3,66,107,151.04,44.04,runs_so_far,-11.94
10,71932722,1,3,90,144,187.16,43.16,runs_so_far,15.13
10,74114244,1,3,74,205,162.11,-42.89,innings,5.7
10,71932772,1,2,53,108,149.34,41.34,runs_so_far,-23.48
10,73284502,2,1,77,121,162.2,41.2,innings,-7.02
10,71932648,1,5,42,134,92.93,-41.07,runs_so_far,-55.11
10,71932856,1,0,73,196,154.97,-41.03,dot_pct_last2,-18.29
10,73281442,1,3,93,148,188.87,40.87,runs_so_far,15.46
10,73284962,2,3,90,210,169.53,-40.47,runs_so_far,10.13
10,74113804,2,4,109,223,182.78,-40.22,runs_so_far,27.03
10,71770640,1,4,61,111,151.12,40.12,runs_so_far,-15.78
10,71932612,2,0,106,216,175.98,-40.02,runs_so_far,21.37
10,71932858,2,3,72,116,156.0,40.0,innings,-4.62
10,71932708,1,3,63,192,152.08,-39.92,runs_so_far,-16.18
10,71932640,2,2,82,122,161.9,39.9,innings,-6.1
10,71932640,1,4,71,121,160.42,39.42,runs_so_far,-6.85
10,71932662,2,1,97,215,176.02,-38.98,runs_so_far,10.95
12,73285248,2,1,128,128,194.29,66.29,runs_so_far,32.21
12,73284474,2,5,75,84,138.23,54.23,runs_so_far,-22.23
12,71932772,2,2,89,109,156.88,47.88,runs_so_far,-6.29
12,71932858,2,3,87,116,162.94,46.94,runs_so_far,-5.82
12,73284502,2,1,97,121,167.75,46.75,innings,-7.32
12,74113804,2,4,127,223,176.46,-46.54,runs_so_far,18.25
12,73284470,2,4,80,107,153.07,46.07,runs_so_far,-12.22
12,71932724,1,5,61,150,104.55,-45.45,runs_so_far,-48.27
12,72034740,2,7,81,98,143.0,45.0,runs_so_far,-14.13
12,73284512,2,3,76,189,145.2,-43.8,runs_so_far,-22.17
12,74114560,2,1,102,126,169.61,43.61,innings,-7.7
12,71932662,2,2,114,215,171.71,-43.29,runs_so_far,13.67
12,71932640,2,2,95,122,164.39,42.39,innings,-6.13
12,73281454,2,7,52,62,104.11,42.11,runs_so_far,-42.47
12,71932842,2,2,102,203,161.38,-41.62,innings,-8.03
12,71932772,1,3,59,108,149.17,41.17,runs_so_far,-25.5
12,71770578,2,4,101,129,169.22,40.22,innings,-6.07
12,71932612,2,0,121,216,175.97,-40.03,runs_so_far,20.11
12,73284098,2,1,131,154,193.95,39.95,runs_so_far,33.08
12,74114428,1,6,78,97,135.89,38.89,runs_so_far,-19.87
12,73284080,2,2,100,130,168.33,38.33,innings,-6.97
12,73281442,1,3,103,148,186.17,38.17,runs_so_far,9.67
12,73284962,2,3,103,210,172.35,-37.65,innings,-6.56
12,73284940,2,1,126,149,185.64,36.64,runs_so_far,30.55
12,71770576,2,2,100,195,158.46,-36.54,innings,-6.88
15,73284080,2,2,130,130,170.41,40.41,innings,-6.92
15,71770470,2,1,154,158,198.28,40.28,runs_so_far,33.54
15,71932640,2,3,122,122,161.78,39.78,innings,-5.62
15,71770640,2,3,99,114,153.09,39.09,runs_so_far,-17.97
15,73284502,2,3,114,121,160.02,39.02,runs_so_far,-7.64
15,74114428,1,6,90,97,132.26,35.26,runs_so_far,-34.9
15,73281444,2,2,173,182,217.15,35.15,runs_so_far,52.16
15,71770466,2,3,128,131,165.61,34.61,innings,-7.16
15,74114562,2,2,145,150,184.49,34.49,runs_so_far,22.22
15,71932590,2,3,126,195,160.7,-34.3,innings,-7.01
15,73284962,2,3,138,210,175.9,-34.1,runs_so_far,12.4
15,71770578,2,5,116,129,162.17,33.17,innings,-4.25
15,73285236,1,3,160,243,210.11,-32.89,runs_so_far,32.31
15,71770444,2,3,138,149,181.73,32.73,runs_so_far,15.65
15,73284106,2,1,134,146,178.62,32.62,runs_so_far,13.2
15,71770602,2,5,116,189,156.43,-32.57,innings,-4.85
15,71932894,2,5,122,192,159.79,-32.21,innings,-3.9
15,74113804,2,4,171,223,190.79,-32.21,runs_so_far,39.14
15,71932772,1,3,76,108,139.14,31.14,runs_so_far,-42.13
15,73284942,2,3,126,136,167.04,31.04,innings,-6.45
15,71770412,2,8,73,107,76.02,-30.98,runs_so_far,-56.81
15,71932640,1,5,101,121,151.77,30.77,runs_so_far,-18.65
15,71770432,2,2,122,134,164.73,30.73,innings,-6.08
15,73284470,2,6,98,107,137.71,30.71,runs_so_far,-22.86
15,71932896,2,3,133,148,178.55,30.55,runs_so_far,12.62
