over_mark,feature,importance,direction,importance_std
6,runs_so_far,9.2259,positive,0.7309
6,wickets_down,4.2896,negative,0.4601
6,balls_since_boundary,1.2548,positive,0.1682
6,innings,6.8975,negative,0.4532
6,runs_last2,2.2687,negative,0.3118
6,wickets_last2,1.077,negative,0.4533
6,boundaries_last2,1.497,positive,0.3963
6,dot_pct_last2,2.0225,negative,0.4293
10,runs_so_far,11.9931,positive,0.4523
10,wickets_down,3.5098,negative,0.3334
10,balls_since_boundary,1.0221,mixed,0.2437
10,innings,6.5757,negative,0.4619
10,runs_last2,1.0061,negative,0.2001
10,wickets_last2,0.3771,negative,0.1551
10,boundaries_last2,0.4323,negative,0.1076
10,dot_pct_last2,0.9303,negative,0.1941
12,runs_so_far,12.8547,positive,0.8699
12,wickets_down,3.137,negative,0.3484
12,balls_since_boundary,1.3636,positive,0.204
12,innings,6.4631,negative,0.3208
12,runs_last2,0.7894,positive,0.1821
12,wickets_last2,0.3718,positive,0.2096
12,boundaries_last2,0.4996,positive,0.1347
12,dot_pct_last2,1.0342,negative,0.335
15,runs_so_far,14.8418,positive,0.6427
15,wickets_down,2.3958,negative,0.2703
15,balls_since_boundary,0.7996,negative,0.136
15,innings,5.7862,negative,0.2822
15,runs_last2,0.814,negative,0.2669
15,wickets_last2,0.7272,positive,0.071
15,boundaries_last2,0.8473,negative,0.2467
15,dot_pct_last2,1.124,negative,0.3127
