innings,over_mark,feature,importance,importance_std,gbm_rmse_mean,gbm_rmse_std,baseline_rmse_mean,n_rows
1,6,runs_so_far,9.9638,1.0241,19.33,1.54,34.78,383
1,6,wickets_down,6.6027,0.7744,19.33,1.54,34.78,383
1,6,balls_since_boundary,2.2182,0.5194,19.33,1.54,34.78,383
1,6,runs_last2,2.638,0.5069,19.33,1.54,34.78,383
1,6,wickets_last2,1.4888,0.7682,19.33,1.54,34.78,383
1,6,boundaries_last2,2.221,0.5735,19.33,1.54,34.78,383
1,6,dot_pct_last2,2.3687,0.3323,19.33,1.54,34.78,383
1,10,runs_so_far,13.3065,1.0261,16.71,0.73,26.5,383
1,10,wickets_down,5.8971,0.7442,16.71,0.73,26.5,383
1,10,balls_since_boundary,1.5421,0.4088,16.71,0.73,26.5,383
1,10,runs_last2,1.4983,0.2983,16.71,0.73,26.5,383
1,10,wickets_last2,0.435,0.1919,16.71,0.73,26.5,383
1,10,boundaries_last2,0.788,0.3163,16.71,0.73,26.5,383
1,10,dot_pct_last2,1.4835,0.2759,16.71,0.73,26.5,383
1,12,runs_so_far,14.0877,1.2898,13.6,0.86,22.05,383
1,12,wickets_down,4.6819,0.6685,13.6,0.86,22.05,383
1,12,balls_since_boundary,1.2073,0.27,13.6,0.86,22.05,383
1,12,runs_last2,1.4966,0.4126,13.6,0.86,22.05,383
1,12,wickets_last2,0.5862,0.1831,13.6,0.86,22.05,383
1,12,boundaries_last2,0.9285,0.179,13.6,0.86,22.05,383
1,12,dot_pct_last2,1.5283,0.2427,13.6,0.86,22.05,383
1,15,runs_so_far,16.4761,1.2653,11.31,0.96,17.67,383
1,15,wickets_down,4.0508,0.2568,11.31,0.96,17.67,383
1,15,balls_since_boundary,0.9462,0.2797,11.31,0.96,17.67,383
1,15,runs_last2,1.3158,0.2598,11.31,0.96,17.67,383
1,15,wickets_last2,0.5074,0.1654,11.31,0.96,17.67,383
1,15,boundaries_last2,0.3923,0.1483,11.31,0.96,17.67,383
1,15,dot_pct_last2,0.6674,0.0587,11.31,0.96,17.67,383
2,6,runs_so_far,9.1795,0.7978,22.77,1.34,33.93,383
2,6,wickets_down,1.8283,0.7654,22.77,1.34,33.93,383
2,6,balls_since_boundary,1.9043,0.4686,22.77,1.34,33.93,383
2,6,runs_last2,3.1944,0.4636,22.77,1.34,33.93,383
2,6,wickets_last2,1.0975,0.3096,22.77,1.34,33.93,383
2,6,boundaries_last2,0.7308,0.158,22.77,1.34,33.93,383
2,6,dot_pct_last2,3.1472,0.5582,22.77,1.34,33.93,383
2,10,runs_so_far,11.2638,0.5695,20.36,1.02,24.1,383
2,10,wickets_down,1.6831,0.3833,20.36,1.02,24.1,383
2,10,balls_since_boundary,2.0559,0.4089,20.36,1.02,24.1,383
2,10,runs_last2,1.9507,0.3096,20.36,1.02,24.1,383
2,10,wickets_last2,0.5286,0.1708,20.36,1.02,24.1,383
2,10,boundaries_last2,0.5685,0.3117,20.36,1.02,24.1,383
2,10,dot_pct_last2,1.4512,0.4237,20.36,1.02,24.1,383
2,12,runs_so_far,12.5372,0.64,19.33,1.02,22.07,383
2,12,wickets_down,2.429,0.4913,19.33,1.02,22.07,383
2,12,balls_since_boundary,2.2295,0.2856,19.33,1.02,22.07,383
2,12,runs_last2,1.1777,0.256,19.33,1.02,22.07,383
2,12,wickets_last2,0.5729,0.2426,19.33,1.02,22.07,383
2,12,boundaries_last2,0.5044,0.1569,19.33,1.02,22.07,383
2,12,dot_pct_last2,1.6683,0.2152,19.33,1.02,22.07,383
2,15,runs_so_far,13.5628,0.8737,15.73,0.67,17.02,373
2,15,wickets_down,2.1102,0.3583,15.73,0.67,17.02,373
2,15,balls_since_boundary,1.1735,0.2381,15.73,0.67,17.02,373
2,15,runs_last2,1.8268,0.271,15.73,0.67,17.02,373
2,15,wickets_last2,0.888,0.214,15.73,0.67,17.02,373
2,15,boundaries_last2,1.4167,0.4603,15.73,0.67,17.02,373
2,15,dot_pct_last2,2.2553,0.5246,15.73,0.67,17.02,373
