over_mark,feature,importance,direction,importance_std,feature_set
6,runs_so_far,5.0429,positive,1.0402,V1_contract
6,wickets_down,5.3217,negative,0.4903,V1_contract
6,current_run_rate,4.7106,positive,0.8345,V1_contract
6,balls_since_boundary,1.6258,negative,0.1963,V1_contract
6,innings,7.0852,negative,0.4436,V1_contract
10,runs_so_far,6.6424,positive,0.556,V1_contract
10,wickets_down,3.7334,negative,0.341,V1_contract
10,current_run_rate,5.743,positive,0.618,V1_contract
10,balls_since_boundary,1.4523,positive,0.2691,V1_contract
10,innings,6.7487,negative,0.491,V1_contract
12,runs_so_far,6.3818,positive,0.8906,V1_contract
12,wickets_down,3.4053,negative,0.3376,V1_contract
12,current_run_rate,6.9529,positive,1.1073,V1_contract
12,balls_since_boundary,1.3919,positive,0.2043,V1_contract
12,innings,6.614,negative,0.312,V1_contract
15,runs_so_far,6.7969,positive,0.9676,V1_contract
15,wickets_down,2.5517,negative,0.2645,V1_contract
15,current_run_rate,8.5387,positive,0.7548,V1_contract
15,balls_since_boundary,1.0491,positive,0.146,V1_contract
15,innings,5.9318,negative,0.2518,V1_contract
6,runs_so_far,9.2259,positive,0.7309,V2_decollinear_momentum
6,wickets_down,4.2896,negative,0.4601,V2_decollinear_momentum
6,balls_since_boundary,1.2548,positive,0.1682,V2_decollinear_momentum
6,innings,6.8975,negative,0.4532,V2_decollinear_momentum
6,runs_last2,2.2687,negative,0.3118,V2_decollinear_momentum
6,wickets_last2,1.077,negative,0.4533,V2_decollinear_momentum
6,boundaries_last2,1.497,positive,0.3963,V2_decollinear_momentum
6,dot_pct_last2,2.0225,negative,0.4293,V2_decollinear_momentum
10,runs_so_far,11.9931,positive,0.4523,V2_decollinear_momentum
10,wickets_down,3.5098,negative,0.3334,V2_decollinear_momentum
10,balls_since_boundary,1.0221,mixed,0.2437,V2_decollinear_momentum
10,innings,6.5757,negative,0.4619,V2_decollinear_momentum
10,runs_last2,1.0061,negative,0.2001,V2_decollinear_momentum
10,wickets_last2,0.3771,negative,0.1551,V2_decollinear_momentum
10,boundaries_last2,0.4323,negative,0.1076,V2_decollinear_momentum
10,dot_pct_last2,0.9303,negative,0.1941,V2_decollinear_momentum
12,runs_so_far,12.8547,positive,0.8699,V2_decollinear_momentum
12,wickets_down,3.137,negative,0.3484,V2_decollinear_momentum
12,balls_since_boundary,1.3636,positive,0.204,V2_decollinear_momentum
12,innings,6.4631,negative,0.3208,V2_decollinear_momentum
12,runs_last2,0.7894,positive,0.1821,V2_decollinear_momentum
12,wickets_last2,0.3718,positive,0.2096,V2_decollinear_momentum
12,boundaries_last2,0.4996,positive,0.1347,V2_decollinear_momentum
12,dot_pct_last2,1.0342,negative,0.335,V2_decollinear_momentum
15,runs_so_far,14.8418,positive,0.6427,V2_decollinear_momentum
15,wickets_down,2.3958,negative,0.2703,V2_decollinear_momentum
15,balls_since_boundary,0.7996,negative,0.136,V2_decollinear_momentum
15,innings,5.7862,negative,0.2822,V2_decollinear_momentum
15,runs_last2,0.814,negative,0.2669,V2_decollinear_momentum
15,wickets_last2,0.7272,positive,0.071,V2_decollinear_momentum
15,boundaries_last2,0.8473,negative,0.2467,V2_decollinear_momentum
15,dot_pct_last2,1.124,negative,0.3127,V2_decollinear_momentum
