over_mark,feature_a,feature_b,interaction_strength,feature_set
6,runs_so_far,wickets_down,0.6945,V1_contract
6,runs_so_far,current_run_rate,1.2682,V1_contract
6,runs_so_far,balls_since_boundary,0.7774,V1_contract
6,runs_so_far,innings,0.8502,V1_contract
6,wickets_down,current_run_rate,0.8596,V1_contract
6,wickets_down,balls_since_boundary,0.9109,V1_contract
6,wickets_down,innings,1.8833,V1_contract
6,current_run_rate,balls_since_boundary,0.7899,V1_contract
6,current_run_rate,innings,0.6436,V1_contract
6,balls_since_boundary,innings,0.5988,V1_contract
10,runs_so_far,wickets_down,1.0661,V1_contract
10,runs_so_far,current_run_rate,1.3512,V1_contract
10,runs_so_far,balls_since_boundary,0.6606,V1_contract
10,runs_so_far,innings,1.1606,V1_contract
10,wickets_down,current_run_rate,0.8745,V1_contract
10,wickets_down,balls_since_boundary,0.6211,V1_contract
10,wickets_down,innings,1.6751,V1_contract
10,current_run_rate,balls_since_boundary,0.6071,V1_contract
10,current_run_rate,innings,0.7114,V1_contract
10,balls_since_boundary,innings,0.5212,V1_contract
12,runs_so_far,wickets_down,0.9374,V1_contract
12,runs_so_far,current_run_rate,1.3749,V1_contract
12,runs_so_far,balls_since_boundary,0.3386,V1_contract
12,runs_so_far,innings,1.0463,V1_contract
12,wickets_down,current_run_rate,0.9507,V1_contract
12,wickets_down,balls_since_boundary,0.501,V1_contract
12,wickets_down,innings,1.5976,V1_contract
12,current_run_rate,balls_since_boundary,0.4806,V1_contract
12,current_run_rate,innings,1.0408,V1_contract
12,balls_since_boundary,innings,0.5639,V1_contract
15,runs_so_far,wickets_down,0.8365,V1_contract
15,runs_so_far,current_run_rate,1.4356,V1_contract
15,runs_so_far,balls_since_boundary,0.5402,V1_contract
15,runs_so_far,innings,1.1631,V1_contract
15,wickets_down,current_run_rate,0.7458,V1_contract
15,wickets_down,balls_since_boundary,0.4717,V1_contract
15,wickets_down,innings,1.4244,V1_contract
15,current_run_rate,balls_since_boundary,0.4852,V1_contract
15,current_run_rate,innings,1.0582,V1_contract
15,balls_since_boundary,innings,0.233,V1_contract
6,runs_so_far,wickets_down,0.9206,V2_decollinear_momentum
6,runs_so_far,balls_since_boundary,0.5074,V2_decollinear_momentum
6,runs_so_far,innings,0.9872,V2_decollinear_momentum
6,runs_so_far,runs_last2,1.1886,V2_decollinear_momentum
6,runs_so_far,wickets_last2,0.3709,V2_decollinear_momentum
6,runs_so_far,boundaries_last2,0.4502,V2_decollinear_momentum
6,runs_so_far,dot_pct_last2,0.6752,V2_decollinear_momentum
6,wickets_down,balls_since_boundary,0.3971,V2_decollinear_momentum
6,wickets_down,innings,1.5446,V2_decollinear_momentum
6,wickets_down,runs_last2,0.4985,V2_decollinear_momentum
6,wickets_down,wickets_last2,0.0426,V2_decollinear_momentum
6,wickets_down,boundaries_last2,0.2985,V2_decollinear_momentum
6,wickets_down,dot_pct_last2,0.5063,V2_decollinear_momentum
6,balls_since_boundary,innings,0.5926,V2_decollinear_momentum
6,balls_since_boundary,runs_last2,0.6514,V2_decollinear_momentum
6,balls_since_boundary,wickets_last2,0.2294,V2_decollinear_momentum
6,balls_since_boundary,boundaries_last2,0.4054,V2_decollinear_momentum
6,balls_since_boundary,dot_pct_last2,0.5236,V2_decollinear_momentum
6,innings,runs_last2,0.7102,V2_decollinear_momentum
6,innings,wickets_last2,0.1846,V2_decollinear_momentum
6,innings,boundaries_last2,0.2671,V2_decollinear_momentum
6,innings,dot_pct_last2,0.5271,V2_decollinear_momentum
6,runs_last2,wickets_last2,0.1839,V2_decollinear_momentum
6,runs_last2,boundaries_last2,0.8386,V2_decollinear_momentum
6,runs_last2,dot_pct_last2,0.7352,V2_decollinear_momentum
6,wickets_last2,boundaries_last2,0.0617,V2_decollinear_momentum
6,wickets_last2,dot_pct_last2,0.3163,V2_decollinear_momentum
6,boundaries_last2,dot_pct_last2,0.2912,V2_decollinear_momentum
10,runs_so_far,wickets_down,1.329,V2_decollinear_momentum
10,runs_so_far,balls_since_boundary,0.5498,V2_decollinear_momentum
10,runs_so_far,innings,1.6907,V2_decollinear_momentum
10,runs_so_far,runs_last2,0.541,V2_decollinear_momentum
10,runs_so_far,wickets_last2,0.2512,V2_decollinear_momentum
10,runs_so_far,boundaries_last2,0.2682,V2_decollinear_momentum
10,runs_so_far,dot_pct_last2,0.7743,V2_decollinear_momentum
10,wickets_down,balls_since_boundary,0.2656,V2_decollinear_momentum
10,wickets_down,innings,1.4644,V2_decollinear_momentum
10,wickets_down,runs_last2,0.3257,V2_decollinear_momentum
10,wickets_down,wickets_last2,0.0629,V2_decollinear_momentum
10,wickets_down,boundaries_last2,0.1668,V2_decollinear_momentum
10,wickets_down,dot_pct_last2,0.3571,V2_decollinear_momentum
10,balls_since_boundary,innings,0.3107,V2_decollinear_momentum
10,balls_since_boundary,runs_last2,0.3295,V2_decollinear_momentum
10,balls_since_boundary,wickets_last2,0.2272,V2_decollinear_momentum
10,balls_since_boundary,boundaries_last2,0.1355,V2_decollinear_momentum
10,balls_since_boundary,dot_pct_last2,0.2067,V2_decollinear_momentum
10,innings,runs_last2,0.2122,V2_decollinear_momentum
10,innings,wickets_last2,0.0675,V2_decollinear_momentum
10,innings,boundaries_last2,0.047,V2_decollinear_momentum
10,innings,dot_pct_last2,0.3455,V2_decollinear_momentum
10,runs_last2,wickets_last2,0.0684,V2_decollinear_momentum
10,runs_last2,boundaries_last2,0.25,V2_decollinear_momentum
10,runs_last2,dot_pct_last2,0.2805,V2_decollinear_momentum
10,wickets_last2,boundaries_last2,0.0385,V2_decollinear_momentum
10,wickets_last2,dot_pct_last2,0.1103,V2_decollinear_momentum
10,boundaries_last2,dot_pct_last2,0.2936,V2_decollinear_momentum
12,runs_so_far,wickets_down,1.6163,V2_decollinear_momentum
12,runs_so_far,balls_since_boundary,0.3878,V2_decollinear_momentum
12,runs_so_far,innings,1.8905,V2_decollinear_momentum
12,runs_so_far,runs_last2,0.4275,V2_decollinear_momentum
12,runs_so_far,wickets_last2,0.4116,V2_decollinear_momentum
12,runs_so_far,boundaries_last2,0.1569,V2_decollinear_momentum
12,runs_so_far,dot_pct_last2,0.5263,V2_decollinear_momentum
12,wickets_down,balls_since_boundary,0.2632,V2_decollinear_momentum
12,wickets_down,innings,1.1919,V2_decollinear_momentum
12,wickets_down,runs_last2,0.242,V2_decollinear_momentum
12,wickets_down,wickets_last2,0.113,V2_decollinear_momentum
12,wickets_down,boundaries_last2,0.1801,V2_decollinear_momentum
12,wickets_down,dot_pct_last2,0.5372,V2_decollinear_momentum
12,balls_since_boundary,innings,0.2902,V2_decollinear_momentum
12,balls_since_boundary,runs_last2,0.4063,V2_decollinear_momentum
12,balls_since_boundary,wickets_last2,0.061,V2_decollinear_momentum
12,balls_since_boundary,boundaries_last2,0.1992,V2_decollinear_momentum
12,balls_since_boundary,dot_pct_last2,0.4201,V2_decollinear_momentum
12,innings,runs_last2,0.2785,V2_decollinear_momentum
12,innings,wickets_last2,0.059,V2_decollinear_momentum
12,innings,boundaries_last2,0.099,V2_decollinear_momentum
12,innings,dot_pct_last2,0.2448,V2_decollinear_momentum
12,runs_last2,wickets_last2,0.0799,V2_decollinear_momentum
12,runs_last2,boundaries_last2,0.2668,V2_decollinear_momentum
12,runs_last2,dot_pct_last2,0.253,V2_decollinear_momentum
12,wickets_last2,boundaries_last2,0.0378,V2_decollinear_momentum
12,wickets_last2,dot_pct_last2,0.1392,V2_decollinear_momentum
12,boundaries_last2,dot_pct_last2,0.1587,V2_decollinear_momentum
15,runs_so_far,wickets_down,1.3696,V2_decollinear_momentum
15,runs_so_far,balls_since_boundary,0.4344,V2_decollinear_momentum
15,runs_so_far,innings,2.2053,V2_decollinear_momentum
15,runs_so_far,runs_last2,0.3411,V2_decollinear_momentum
15,runs_so_far,wickets_last2,0.2975,V2_decollinear_momentum
15,runs_so_far,boundaries_last2,0.2725,V2_decollinear_momentum
15,runs_so_far,dot_pct_last2,0.5261,V2_decollinear_momentum
15,wickets_down,balls_since_boundary,0.2146,V2_decollinear_momentum
15,wickets_down,innings,1.2018,V2_decollinear_momentum
15,wickets_down,runs_last2,0.1866,V2_decollinear_momentum
15,wickets_down,wickets_last2,0.2014,V2_decollinear_momentum
15,wickets_down,boundaries_last2,0.1202,V2_decollinear_momentum
15,wickets_down,dot_pct_last2,0.3294,V2_decollinear_momentum
15,balls_since_boundary,innings,0.1134,V2_decollinear_momentum
15,balls_since_boundary,runs_last2,0.5808,V2_decollinear_momentum
15,balls_since_boundary,wickets_last2,0.1014,V2_decollinear_momentum
15,balls_since_boundary,boundaries_last2,0.2979,V2_decollinear_momentum
15,balls_since_boundary,dot_pct_last2,0.2249,V2_decollinear_momentum
15,innings,runs_last2,0.1183,V2_decollinear_momentum
15,innings,wickets_last2,0.2056,V2_decollinear_momentum
15,innings,boundaries_last2,0.2121,V2_decollinear_momentum
15,innings,dot_pct_last2,0.2023,V2_decollinear_momentum
15,runs_last2,wickets_last2,0.0763,V2_decollinear_momentum
15,runs_last2,boundaries_last2,0.3087,V2_decollinear_momentum
15,runs_last2,dot_pct_last2,0.1642,V2_decollinear_momentum
15,wickets_last2,boundaries_last2,0.0465,V2_decollinear_momentum
15,wickets_last2,dot_pct_last2,0.2294,V2_decollinear_momentum
15,boundaries_last2,dot_pct_last2,0.0818,V2_decollinear_momentum
