over_mark,feature_set,method,rmse_mean,rmse_std,rmse_best,rmse_worst,n_rows,rows_dropped_missing
6,V1_contract,baseline_flat_run_rate,34.373649323450984,1.0187785510607978,33.002113077689316,35.99811112585811,766,0
6,V1_contract,gradient_boosting,20.964883957003604,1.1179996453533407,19.3232717548247,23.06358712554216,766,0
10,V1_contract,baseline_flat_run_rate,25.33920604118294,0.3805936432361429,24.64962812430781,25.90396929043887,766,0
10,V1_contract,gradient_boosting,18.21843212830695,0.538305639254418,17.425675486985345,18.959024397441663,766,0
12,V1_contract,baseline_flat_run_rate,22.07225321849245,0.5474655291492848,21.40015035426586,22.90224293560527,766,0
12,V1_contract,gradient_boosting,16.44689655694273,0.7537786270164847,15.37945439129997,17.63987374884269,766,0
15,V1_contract,baseline_flat_run_rate,17.675936176198668,0.6197275142591565,16.68098675585279,19.06209106306674,756,0
15,V1_contract,gradient_boosting,13.709076574254485,0.6321035599262692,12.719523056150793,14.57930396087828,756,0
6,V2_decollinear_momentum,baseline_flat_run_rate,34.373649323450984,1.0187785510607978,33.002113077689316,35.99811112585811,766,0
6,V2_decollinear_momentum,gradient_boosting,20.74658348845669,1.200102104191436,19.14207546906512,22.98335371044344,766,0
10,V2_decollinear_momentum,baseline_flat_run_rate,25.33920604118294,0.3805936432361429,24.64962812430781,25.90396929043887,766,0
10,V2_decollinear_momentum,gradient_boosting,18.254391507236875,0.6495854367069415,17.14885155500766,19.19426674067215,766,0
12,V2_decollinear_momentum,baseline_flat_run_rate,22.07225321849245,0.5474655291492848,21.40015035426586,22.90224293560527,766,0
12,V2_decollinear_momentum,gradient_boosting,16.484308990878237,0.5619535376087769,15.464964364270012,17.185402940559943,766,0
15,V2_decollinear_momentum,baseline_flat_run_rate,17.675936176198668,0.6197275142591565,16.68098675585279,19.06209106306674,756,0
15,V2_decollinear_momentum,gradient_boosting,13.746197565126414,0.6166486495139404,12.912823430116894,14.606312315088815,756,0
