over_mark,train_fraction,test_inputs,gbm_rmse_mean,gbm_rmse_std,baseline_rmse_mean,top_feature,importance_std_mean
6,1.0,clean,20.73,1.14,34.37,runs_so_far,0.407
6,1.0,outliers_3pct,21.43,1.31,63.12,runs_so_far,0.407
6,0.5,clean,21.38,1.29,34.37,runs_so_far,0.878
6,0.5,outliers_3pct,21.7,1.4,67.13,runs_so_far,0.878
6,0.1,clean,24.54,1.41,34.37,runs_so_far,1.658
6,0.1,outliers_3pct,24.77,1.58,60.55,runs_so_far,1.658
10,1.0,clean,18.21,0.58,25.34,runs_so_far,0.269
10,1.0,outliers_3pct,19.58,1.45,55.73,runs_so_far,0.269
10,0.5,clean,18.75,1.01,25.34,runs_so_far,0.475
10,0.5,outliers_3pct,19.55,1.09,58.64,runs_so_far,0.475
10,0.1,clean,21.37,1.75,25.34,runs_so_far,1.386
10,0.1,outliers_3pct,22.11,1.73,55.56,runs_so_far,1.386
12,1.0,clean,16.46,0.63,22.07,runs_so_far,0.286
12,1.0,outliers_3pct,18.62,1.71,55.07,runs_so_far,0.286
12,0.5,clean,17.28,1.0,22.07,runs_so_far,0.572
12,0.5,outliers_3pct,18.74,1.35,56.49,runs_so_far,0.572
12,0.1,clean,18.81,1.51,22.07,runs_so_far,1.184
12,0.1,outliers_3pct,19.56,1.56,55.45,runs_so_far,1.184
15,1.0,clean,13.75,0.58,17.68,runs_so_far,0.264
15,1.0,outliers_3pct,16.8,0.84,57.51,runs_so_far,0.264
15,0.5,clean,14.36,0.64,17.68,runs_so_far,0.523
15,0.5,outliers_3pct,16.65,0.92,56.07,runs_so_far,0.523
15,0.1,clean,17.23,1.67,17.68,runs_so_far,1.127
15,0.1,outliers_3pct,18.28,1.61,56.34,runs_so_far,1.127
