over_mark,feature,shap_importance,permutation_rmse_increase
6,runs_so_far,8.415,5.354
6,wickets_down,3.722,1.485
6,balls_since_boundary,1.431,0.007
6,innings,7.163,2.524
6,runs_last2,1.964,0.378
6,wickets_last2,1.813,0.216
6,boundaries_last2,1.458,0.264
6,dot_pct_last2,2.417,0.318
10,runs_so_far,12.584,11.311
10,wickets_down,4.231,1.23
10,balls_since_boundary,1.077,0.039
10,innings,7.399,2.53
10,runs_last2,0.998,-0.152
10,wickets_last2,0.38,-0.007
10,boundaries_last2,0.446,0.059
10,dot_pct_last2,0.841,0.168
12,runs_so_far,14.759,14.228
12,wickets_down,3.661,1.149
12,balls_since_boundary,1.11,0.192
12,innings,6.809,2.849
12,runs_last2,0.704,-0.163
12,wickets_last2,0.295,-0.005
12,boundaries_last2,0.412,0.06
12,dot_pct_last2,0.717,0.075
15,runs_so_far,14.947,17.352
15,wickets_down,2.575,1.11
15,balls_since_boundary,0.634,-0.036
15,innings,5.966,2.973
15,runs_last2,0.326,0.05
15,wickets_last2,0.677,0.112
15,boundaries_last2,0.399,0.037
15,dot_pct_last2,0.712,0.179
